scan_index	folio_label	filename	canvas_id	image_url	manifest_width	manifest_height	format	source_manifest	catalog_url	repository	shelfmark	bytes	sha256	verified
0	[Front cover]	cover_front__yale_0000.jpg	https://collections.library.yale.edu/manifests/oid/2002046/canvas/1006074	https://collections.library.yale.edu/iiif/2/1006074/full/full/0/default.jpg	2931	3865	image/jpeg	https://collections.library.yale.edu/manifests/2002046	https://collections.library.yale.edu/catalog/2002046	Beinecke Rare Book and Manuscript Library, Yale University	MS 408	2057677	a2af37b5735b76e49a4fb2033f3ac54187d08aee7d910479c1fd04cb4e8b8a14	True
1	[Inside front cover]	cover_front_inside__yale_0001.jpg	https://collections.library.yale.edu/manifests/oid/2002046/canvas/1006075	https://collections.library.yale.edu/iiif/2/1006075/full/full/0/default.jpg	2812	3797	image/jpeg	https://collections.library.yale.edu/manifests/2002046	https://collections.library.yale.edu/catalog/2002046	Beinecke Rare Book and Manuscript Library, Yale University	MS 408	1807387	1f609ec3e91977e339099d1f864993f985246ac345e89896427392078b601dd2	True
2	1r	f001r__yale_0002.jpg	https://collections.library.yale.edu/manifests/oid/2002046/canvas/1006076	https://collections.library.yale.edu/iiif/2/1006076/full/full/0/default.jpg	2972	3766	image/jpeg	https://collections.library.yale.edu/manifests/2002046	https://collections.library.yale.edu/catalog/2002046	Beinecke Rare Book and Manuscript Library, Yale University	MS 408	2309265	d02e73e9d81daa461d39beda0340b2acccadcd9db898605fc00b4f126e3e60bf	True
3	1v	f001v__yale_0003.jpg	https://collections.library.yale.edu/manifests/oid/2002046/canvas/1006077	https://collections.library.yale.edu/iiif/2/1006077/full/full/0/default.jpg	2804	3797	image/jpeg	https://collections.library.yale.edu/manifests/2002046	https://collections.library.yale.edu/catalog/2002046	Beinecke Rare Book and Manuscript Library, Yale University	MS 408	2343486	43065eacad8a743816eb2b7d9acd8cf882a9bb498f1cea84602d12fede99f77d	True
4	2r	f002r__yale_0004.jpg	https://collections.library.yale.edu/manifests/oid/2002046/canvas/1006078	https://collections.library.yale.edu/iiif/2/1006078/full/full/0/default.jpg	2691	3770	image/jpeg	https://collections.library.yale.edu/manifests/2002046	https://collections.library.yale.edu/catalog/2002046	Beinecke Rare Book and Manuscript Library, Yale University	MS 408	2169315	826533a0760798acf5a4caa01ac29fe95eb1ed13a9fb26ac82900a8aea11d53f	True
5	2v	f002v__yale_0005.jpg	https://collections.library.yale.edu/manifests/oid/2002046/canvas/1006079	https://collections.library.yale.edu/iiif/2/1006079/full/full/0/default.jpg	2771	3797	image/jpeg	https://collections.library.yale.edu/manifests/2002046	https://collections.library.yale.edu/catalog/2002046	Beinecke Rare Book and Manuscript Library, Yale University	MS 408	2415827	ae2e9591c75389fe093e7f35d5c670781d196c253d472030dd4a1d1c86ae1cb7	True
6	3r	f003r__yale_0006.jpg	https://collections.library.yale.edu/manifests/oid/2002046/canvas/1006080	https://collections.library.yale.edu/iiif/2/1006080/full/full/0/default.jpg	2691	3770	image/jpeg	https://collections.library.yale.edu/manifests/2002046	https://collections.library.yale.edu/catalog/2002046	Beinecke Rare Book and Manuscript Library, Yale University	MS 408	2201720	6ea4d4023a3b199463eee9e30508726a9314391f05a613bce3f87ae8d23fd151	True
7	3v	f003v__yale_0007.jpg	https://collections.library.yale.edu/manifests/oid/2002046/canvas/1006081	https://collections.library.yale.edu/iiif/2/1006081/full/full/0/default.jpg	2762	3797	image/jpeg	https://collections.library.yale.edu/manifests/2002046	https://collections.library.yale.edu/catalog/2002046	Beinecke Rare Book and Manuscript Library, Yale University	MS 408	2287993	b9c19a872d6456fa58f76f15dec1d61bc80cc353fceff33f11abdaae87ce199e	True
8	4r	f004r__yale_0008.jpg	https://collections.library.yale.edu/manifests/oid/2002046/canvas/1006082	https://collections.library.yale.edu/iiif/2/1006082/full/full/0/default.jpg	2682	3740	image/jpeg	https://collections.library.yale.edu/manifests/2002046	https://collections.library.yale.edu/catalog/2002046	Beinecke Rare Book and Manuscript Library, Yale University	MS 408	2325087	fb166d0fe36d8cb635bb73b1d70b7d62e51a5f1ebf896f51921bd1854a06d904	True
9	4v	f004v__yale_0009.jpg	https://collections.library.yale.edu/manifests/oid/2002046/canvas/1006083	https://collections.library.yale.edu/iiif/2/1006083/full/full/0/default.jpg	2768	3797	image/jpeg	https://collections.library.yale.edu/manifests/2002046	https://collections.library.yale.edu/catalog/2002046	Beinecke Rare Book and Manuscript Library, Yale University	MS 408	2408540	afec0f17556cb8cec1f1bc529ba4b572fc32363702091bacda4c7c1e0ebf37bc	True
10	5r	f005r__yale_0010.jpg	https://collections.library.yale.edu/manifests/oid/2002046/canvas/1006084	https://collections.library.yale.edu/iiif/2/1006084/full/full/0/default.jpg	2636	3723	image/jpeg	https://collections.library.yale.edu/manifests/2002046	https://collections.library.yale.edu/catalog/2002046	Beinecke Rare Book and Manuscript Library, Yale University	MS 408	2424178	e0e966c2a24f6b434b34cd1e1d4ee9aef2cec281c6ad071847e8e8b50d799acb	True
11	5v	f005v__yale_0011.jpg	https://collections.library.yale.edu/manifests/oid/2002046/canvas/1006085	https://collections.library.yale.edu/iiif/2/1006085/full/full/0/default.jpg	2759	3797	image/jpeg	https://collections.library.yale.edu/manifests/2002046	https://collections.library.yale.edu/catalog/2002046	Beinecke Rare Book and Manuscript Library, Yale University	MS 408	2362440	c294a7576438c7673149f7b6294378127721daa5a48d045643feb812a6c49f40	True
12	6r	f006r__yale_0012.jpg	https://collections.library.yale.edu/manifests/oid/2002046/canvas/1006086	https://collections.library.yale.edu/iiif/2/1006086/full/full/0/default.jpg	2662	3727	image/jpeg	https://collections.library.yale.edu/manifests/2002046	https://collections.library.yale.edu/catalog/2002046	Beinecke Rare Book and Manuscript Library, Yale University	MS 408	2331837	2e9e318c945c1a961ab676c81827b4ee71c993d3d02a1adb9365bbb007ffa4dc	True
13	6v	f006v__yale_0013.jpg	https://collections.library.yale.edu/manifests/oid/2002046/canvas/1006087	https://collections.library.yale.edu/iiif/2/1006087/full/full/0/default.jpg	2753	3797	image/jpeg	https://collections.library.yale.edu/manifests/2002046	https://collections.library.yale.edu/catalog/2002046	Beinecke Rare Book and Manuscript Library, Yale University	MS 408	2277617	c05ffc33745eca87cb0387cf47868f2a0a62f2cf6c3f7929a35a2e64834c40dc	True
14	7r	f007r__yale_0014.jpg	https://collections.library.yale.edu/manifests/oid/2002046/canvas/1006088	https://collections.library.yale.edu/iiif/2/1006088/full/full/0/default.jpg	2656	3721	image/jpeg	https://collections.library.yale.edu/manifests/2002046	https://collections.library.yale.edu/catalog/2002046	Beinecke Rare Book and Manuscript Library, Yale University	MS 408	2218752	fd4529ff994cfaefe9bf75966a59eede9ab0ea59e3514bf3aaf0a45c0df0e2a0	True
15	7v	f007v__yale_0015.jpg	https://collections.library.yale.edu/manifests/oid/2002046/canvas/1006089	https://collections.library.yale.edu/iiif/2/1006089/full/full/0/default.jpg	2806	3797	image/jpeg	https://collections.library.yale.edu/manifests/2002046	https://collections.library.yale.edu/catalog/2002046	Beinecke Rare Book and Manuscript Library, Yale University	MS 408	2182142	81fed5fa8e1b174ff1176899b76d08003148445bdc6f68f3c7f59f8c6729e841	True
16	8r	f008r__yale_0016.jpg	https://collections.library.yale.edu/manifests/oid/2002046/canvas/1006090	https://collections.library.yale.edu/iiif/2/1006090/full/full/0/default.jpg	2660	3719	image/jpeg	https://collections.library.yale.edu/manifests/2002046	https://collections.library.yale.edu/catalog/2002046	Beinecke Rare Book and Manuscript Library, Yale University	MS 408	2318868	2dfbbfab02ca4220a7ad1ade4b6be69d0401df9a64762e3883ffa87640e07e7e	True
17	8v	f008v__yale_0017.jpg	https://collections.library.yale.edu/manifests/oid/2002046/canvas/1006091	https://collections.library.yale.edu/iiif/2/1006091/full/full/0/default.jpg	2791	3797	image/jpeg	https://collections.library.yale.edu/manifests/2002046	https://collections.library.yale.edu/catalog/2002046	Beinecke Rare Book and Manuscript Library, Yale University	MS 408	2177365	726c5a8de19709f2286423802e7d1e18f2c58cc558d5680e57a3377e9623ca1c	True
18	9r	f009r__yale_0018.jpg	https://collections.library.yale.edu/manifests/oid/2002046/canvas/1006092	https://collections.library.yale.edu/iiif/2/1006092/full/full/0/default.jpg	2691	3737	image/jpeg	https://collections.library.yale.edu/manifests/2002046	https://collections.library.yale.edu/catalog/2002046	Beinecke Rare Book and Manuscript Library, Yale University	MS 408	2414246	a5f3a7b1a3f9c0e791a3365d801884c64d996749719d84ffb11f0f06fbb30925	True
19	9v	f009v__yale_0019.jpg	https://collections.library.yale.edu/manifests/oid/2002046/canvas/1006093	https://collections.library.yale.edu/iiif/2/1006093/full/full/0/default.jpg	2812	3797	image/jpeg	https://collections.library.yale.edu/manifests/2002046	https://collections.library.yale.edu/catalog/2002046	Beinecke Rare Book and Manuscript Library, Yale University	MS 408	2312352	790a7493a31133cf9375fb7471d1d1167df4988bcadeb74ea2528a0ba562e693	True
20	10r	f010r__yale_0020.jpg	https://collections.library.yale.edu/manifests/oid/2002046/canvas/1006094	https://collections.library.yale.edu/iiif/2/1006094/full/full/0/default.jpg	2691	3739	image/jpeg	https://collections.library.yale.edu/manifests/2002046	https://collections.library.yale.edu/catalog/2002046	Beinecke Rare Book and Manuscript Library, Yale University	MS 408	2349652	8d8d5636691bae1be1ff908afad1388c25c53154e8808be572675ae8500c2ac5	True
21	10v	f010v__yale_0021.jpg	https://collections.library.yale.edu/manifests/oid/2002046/canvas/1006095	https://collections.library.yale.edu/iiif/2/1006095/full/full/0/default.jpg	2839	3797	image/jpeg	https://collections.library.yale.edu/manifests/2002046	https://collections.library.yale.edu/catalog/2002046	Beinecke Rare Book and Manuscript Library, Yale University	MS 408	2277816	5cff25a923f5e8173a2a8ad21ec247d7c9bd090ac379322d5dda4d17be916403	True
22	11r	f011r__yale_0022.jpg	https://collections.library.yale.edu/manifests/oid/2002046/canvas/1006096	https://collections.library.yale.edu/iiif/2/1006096/full/full/0/default.jpg	2672	3744	image/jpeg	https://collections.library.yale.edu/manifests/2002046	https://collections.library.yale.edu/catalog/2002046	Beinecke Rare Book and Manuscript Library, Yale University	MS 408	2255232	5307f28c9c4f65506ea6ce6c46182de03463afc0a5cdcb59ca67453a2f18f811	True
23	11v	f011v__yale_0023.jpg	https://collections.library.yale.edu/manifests/oid/2002046/canvas/1006097	https://collections.library.yale.edu/iiif/2/1006097/full/full/0/default.jpg	2825	3775	image/jpeg	https://collections.library.yale.edu/manifests/2002046	https://collections.library.yale.edu/catalog/2002046	Beinecke Rare Book and Manuscript Library, Yale University	MS 408	2430042	896a5297fd4ac6a4ca215ae5e000ac8d6a50ea6063283a28b42ba1974d681d51	True
24	13r	f013r__yale_0024.jpg	https://collections.library.yale.edu/manifests/oid/2002046/canvas/1006098	https://collections.library.yale.edu/iiif/2/1006098/full/full/0/default.jpg	2601	3723	image/jpeg	https://collections.library.yale.edu/manifests/2002046	https://collections.library.yale.edu/catalog/2002046	Beinecke Rare Book and Manuscript Library, Yale University	MS 408	2246956	454eb5f05db936ed0cf729c3881af0ded0993bc116246c6c8fd0c2789f4e9833	True
25	13v	f013v__yale_0025.jpg	https://collections.library.yale.edu/manifests/oid/2002046/canvas/1006099	https://collections.library.yale.edu/iiif/2/1006099/full/full/0/default.jpg	2812	3770	image/jpeg	https://collections.library.yale.edu/manifests/2002046	https://collections.library.yale.edu/catalog/2002046	Beinecke Rare Book and Manuscript Library, Yale University	MS 408	2541873	79ac3ff85ed178229cd4bafc6332c606684dd0eba37221758a7ec430c86544f0	True
26	14r	f014r__yale_0026.jpg	https://collections.library.yale.edu/manifests/oid/2002046/canvas/1006100	https://collections.library.yale.edu/iiif/2/1006100/full/full/0/default.jpg	2662	3739	image/jpeg	https://collections.library.yale.edu/manifests/2002046	https://collections.library.yale.edu/catalog/2002046	Beinecke Rare Book and Manuscript Library, Yale University	MS 408	2566544	1c2b3a255fc01cb6db6f1c2e971ee93e6911ef1acc2ef0800a6a7eae2572945c	True
27	14v	f014v__yale_0027.jpg	https://collections.library.yale.edu/manifests/oid/2002046/canvas/1006101	https://collections.library.yale.edu/iiif/2/1006101/full/full/0/default.jpg	2812	3772	image/jpeg	https://collections.library.yale.edu/manifests/2002046	https://collections.library.yale.edu/catalog/2002046	Beinecke Rare Book and Manuscript Library, Yale University	MS 408	2266429	97dbdbe273597957d62db2cf3a6d9769a0121cba1d0bb682c8008a6d2de622a6	True
28	15r	f015r__yale_0028.jpg	https://collections.library.yale.edu/manifests/oid/2002046/canvas/1006102	https://collections.library.yale.edu/iiif/2/1006102/full/full/0/default.jpg	2648	3729	image/jpeg	https://collections.library.yale.edu/manifests/2002046	https://collections.library.yale.edu/catalog/2002046	Beinecke Rare Book and Manuscript Library, Yale University	MS 408	2104790	94d811f32199d1a092ff7eedb50ef6b7d3e35fa609093a55cdd3937a056b0edf	True
29	15v	f015v__yale_0029.jpg	https://collections.library.yale.edu/manifests/oid/2002046/canvas/1006103	https://collections.library.yale.edu/iiif/2/1006103/full/full/0/default.jpg	2835	3776	image/jpeg	https://collections.library.yale.edu/manifests/2002046	https://collections.library.yale.edu/catalog/2002046	Beinecke Rare Book and Manuscript Library, Yale University	MS 408	2407748	d224773e2e39ef02719c25560e8072e6407bdea9f8d1bdf8da515adb5c2fc127	True
30	16r	f016r__yale_0030.jpg	https://collections.library.yale.edu/manifests/oid/2002046/canvas/1006104	https://collections.library.yale.edu/iiif/2/1006104/full/full/0/default.jpg	2658	3758	image/jpeg	https://collections.library.yale.edu/manifests/2002046	https://collections.library.yale.edu/catalog/2002046	Beinecke Rare Book and Manuscript Library, Yale University	MS 408	2157068	1a7e9d3d9e6c647d73899317cf21c2967ded0e30517c5020e7c2093f6d99f265	True
31	16v	f016v__yale_0031.jpg	https://collections.library.yale.edu/manifests/oid/2002046/canvas/1006105	https://collections.library.yale.edu/iiif/2/1006105/full/full/0/default.jpg	2840	3793	image/jpeg	https://collections.library.yale.edu/manifests/2002046	https://collections.library.yale.edu/catalog/2002046	Beinecke Rare Book and Manuscript Library, Yale University	MS 408	2474638	0001f9fb64430a47afa2c9dfa94e8eba1b6423ab0d3c3b9ae2a7c43e406d3a5e	True
32	17r	f017r__yale_0032.jpg	https://collections.library.yale.edu/manifests/oid/2002046/canvas/1006106	https://collections.library.yale.edu/iiif/2/1006106/full/full/0/default.jpg	2649	3743	image/jpeg	https://collections.library.yale.edu/manifests/2002046	https://collections.library.yale.edu/catalog/2002046	Beinecke Rare Book and Manuscript Library, Yale University	MS 408	2245151	9ed091881b24f31504a5daa064c131f06b0bce10e8346f3dbe20de6cdaf2452f	True
33	17v	f017v__yale_0033.jpg	https://collections.library.yale.edu/manifests/oid/2002046/canvas/1006107	https://collections.library.yale.edu/iiif/2/1006107/full/full/0/default.jpg	2843	3775	image/jpeg	https://collections.library.yale.edu/manifests/2002046	https://collections.library.yale.edu/catalog/2002046	Beinecke Rare Book and Manuscript Library, Yale University	MS 408	2262791	61070cc9fb18d90711adcab577dee66e7e7958b6733dcddb0b484d01388979ec	True
34	18r	f018r__yale_0034.jpg	https://collections.library.yale.edu/manifests/oid/2002046/canvas/1006108	https://collections.library.yale.edu/iiif/2/1006108/full/full/0/default.jpg	2649	3743	image/jpeg	https://collections.library.yale.edu/manifests/2002046	https://collections.library.yale.edu/catalog/2002046	Beinecke Rare Book and Manuscript Library, Yale University	MS 408	2037604	01659aa94a6176b56c621f50c9cbe8c467836d6265a03d8edb1e97e236126e78	True
35	18v	f018v__yale_0035.jpg	https://collections.library.yale.edu/manifests/oid/2002046/canvas/1006109	https://collections.library.yale.edu/iiif/2/1006109/full/full/0/default.jpg	2846	3781	image/jpeg	https://collections.library.yale.edu/manifests/2002046	https://collections.library.yale.edu/catalog/2002046	Beinecke Rare Book and Manuscript Library, Yale University	MS 408	2348011	a0f14ccc11f76d832def734e32e33dccea82222e0b198ac3d73c93e8d1fcc47f	True
36	19r	f019r__yale_0036.jpg	https://collections.library.yale.edu/manifests/oid/2002046/canvas/1006110	https://collections.library.yale.edu/iiif/2/1006110/full/full/0/default.jpg	2649	3743	image/jpeg	https://collections.library.yale.edu/manifests/2002046	https://collections.library.yale.edu/catalog/2002046	Beinecke Rare Book and Manuscript Library, Yale University	MS 408	2080239	c05e13bd154a93d77e2f601f11d9bd886fdf4524a49dbae0339b0bd864f7283c	True
37	19v	f019v__yale_0037.jpg	https://collections.library.yale.edu/manifests/oid/2002046/canvas/1006111	https://collections.library.yale.edu/iiif/2/1006111/full/full/0/default.jpg	2849	3769	image/jpeg	https://collections.library.yale.edu/manifests/2002046	https://collections.library.yale.edu/catalog/2002046	Beinecke Rare Book and Manuscript Library, Yale University	MS 408	2380623	7a64b4d65a273b4974ba51828e697f4053862975f826c13308421a1fcce0bcd3	True
38	20r	f020r__yale_0038.jpg	https://collections.library.yale.edu/manifests/oid/2002046/canvas/1006112	https://collections.library.yale.edu/iiif/2/1006112/full/full/0/default.jpg	2649	3743	image/jpeg	https://collections.library.yale.edu/manifests/2002046	https://collections.library.yale.edu/catalog/2002046	Beinecke Rare Book and Manuscript Library, Yale University	MS 408	2246148	2090ee8a14985ae1db08d465bb9229a7490620ac9f5c288118f3c37cc4c9398e	True
39	20v	f020v__yale_0039.jpg	https://collections.library.yale.edu/manifests/oid/2002046/canvas/1006113	https://collections.library.yale.edu/iiif/2/1006113/full/full/0/default.jpg	2849	3769	image/jpeg	https://collections.library.yale.edu/manifests/2002046	https://collections.library.yale.edu/catalog/2002046	Beinecke Rare Book and Manuscript Library, Yale University	MS 408	2345948	472ca57a0abf61ab000cd26c6065b007073a95a0cf662ff4cc7d4158c94b52b7	True
40	21r	f021r__yale_0040.jpg	https://collections.library.yale.edu/manifests/oid/2002046/canvas/1006114	https://collections.library.yale.edu/iiif/2/1006114/full/full/0/default.jpg	2649	3743	image/jpeg	https://collections.library.yale.edu/manifests/2002046	https://collections.library.yale.edu/catalog/2002046	Beinecke Rare Book and Manuscript Library, Yale University	MS 408	2203478	0d28a9ed56ad63a46a0fa8be769600b635ea6cd703989016f1d07308cc067c88	True
41	21v	f021v__yale_0041.jpg	https://collections.library.yale.edu/manifests/oid/2002046/canvas/1006115	https://collections.library.yale.edu/iiif/2/1006115/full/full/0/default.jpg	2849	3769	image/jpeg	https://collections.library.yale.edu/manifests/2002046	https://collections.library.yale.edu/catalog/2002046	Beinecke Rare Book and Manuscript Library, Yale University	MS 408	2515369	f10bf37a910e69fb8ea1f34d74b79522b6c7d0bebed77fe13ce40240f792ab53	True
42	22r	f022r__yale_0042.jpg	https://collections.library.yale.edu/manifests/oid/2002046/canvas/1006116	https://collections.library.yale.edu/iiif/2/1006116/full/full/0/default.jpg	2649	3743	image/jpeg	https://collections.library.yale.edu/manifests/2002046	https://collections.library.yale.edu/catalog/2002046	Beinecke Rare Book and Manuscript Library, Yale University	MS 408	2286657	7bfb7bf49850d6d8df30ebae5a1ea8adc7b27bb714cb0e24453724805bd72a3e	True
43	22v	f022v__yale_0043.jpg	https://collections.library.yale.edu/manifests/oid/2002046/canvas/1006117	https://collections.library.yale.edu/iiif/2/1006117/full/full/0/default.jpg	2849	3795	image/jpeg	https://collections.library.yale.edu/manifests/2002046	https://collections.library.yale.edu/catalog/2002046	Beinecke Rare Book and Manuscript Library, Yale University	MS 408	2312904	0243271c28759a1a45350cd058270a12ea131860652cf1a3f7c14e47fe4ed6b2	True
44	23r	f023r__yale_0044.jpg	https://collections.library.yale.edu/manifests/oid/2002046/canvas/1006118	https://collections.library.yale.edu/iiif/2/1006118/full/full/0/default.jpg	2650	3705	image/jpeg	https://collections.library.yale.edu/manifests/2002046	https://collections.library.yale.edu/catalog/2002046	Beinecke Rare Book and Manuscript Library, Yale University	MS 408	2271913	accaf5bdc2bcbbb97171d591f8352258329671eb68d095f4fe3f556979ff2e07	True
45	23v	f023v__yale_0045.jpg	https://collections.library.yale.edu/manifests/oid/2002046/canvas/1006119	https://collections.library.yale.edu/iiif/2/1006119/full/full/0/default.jpg	2849	3780	image/jpeg	https://collections.library.yale.edu/manifests/2002046	https://collections.library.yale.edu/catalog/2002046	Beinecke Rare Book and Manuscript Library, Yale University	MS 408	2322426	4ce0750cd5118df63ca35fe955dcf3add4160d2ddb5e2770e47bb9930e992fc3	True
46	24r	f024r__yale_0046.jpg	https://collections.library.yale.edu/manifests/oid/2002046/canvas/1006120	https://collections.library.yale.edu/iiif/2/1006120/full/full/0/default.jpg	2688	3719	image/jpeg	https://collections.library.yale.edu/manifests/2002046	https://collections.library.yale.edu/catalog/2002046	Beinecke Rare Book and Manuscript Library, Yale University	MS 408	2089220	3700fe396154e836b0acd3da86aef1d307f9d2da773208e476ee9db2e80de9e6	True
47	24v	f024v__yale_0047.jpg	https://collections.library.yale.edu/manifests/oid/2002046/canvas/1006121	https://collections.library.yale.edu/iiif/2/1006121/full/full/0/default.jpg	2864	3771	image/jpeg	https://collections.library.yale.edu/manifests/2002046	https://collections.library.yale.edu/catalog/2002046	Beinecke Rare Book and Manuscript Library, Yale University	MS 408	2441968	0b814f58b56dff9351ae0d2f0db18a965fd6d67bb9f8302265b76f8ce5cd9f87	True
48	25r	f025r__yale_0048.jpg	https://collections.library.yale.edu/manifests/oid/2002046/canvas/1006122	https://collections.library.yale.edu/iiif/2/1006122/full/full/0/default.jpg	2709	3743	image/jpeg	https://collections.library.yale.edu/manifests/2002046	https://collections.library.yale.edu/catalog/2002046	Beinecke Rare Book and Manuscript Library, Yale University	MS 408	2142361	1089c404ba05823109860af916e7dba2833cf99b98834c1534f3c66fcfaad1a4	True
49	25v	f025v__yale_0049.jpg	https://collections.library.yale.edu/manifests/oid/2002046/canvas/1006123	https://collections.library.yale.edu/iiif/2/1006123/full/full/0/default.jpg	2863	3769	image/jpeg	https://collections.library.yale.edu/manifests/2002046	https://collections.library.yale.edu/catalog/2002046	Beinecke Rare Book and Manuscript Library, Yale University	MS 408	2476763	0f135a9525a84dfccf038a2221c7178dfbfb3b1a1fe4b6d0f62aeb6e8b655d73	True
50	26r	f026r__yale_0050.jpg	https://collections.library.yale.edu/manifests/oid/2002046/canvas/1006124	https://collections.library.yale.edu/iiif/2/1006124/full/full/0/default.jpg	2727	3743	image/jpeg	https://collections.library.yale.edu/manifests/2002046	https://collections.library.yale.edu/catalog/2002046	Beinecke Rare Book and Manuscript Library, Yale University	MS 408	2353112	a593efb741d70ec23ae25c3725dbf2c8e8b3f8d2392cea6eb06921ac5949a6db	True
51	26v	f026v__yale_0051.jpg	https://collections.library.yale.edu/manifests/oid/2002046/canvas/1006125	https://collections.library.yale.edu/iiif/2/1006125/full/full/0/default.jpg	2849	3769	image/jpeg	https://collections.library.yale.edu/manifests/2002046	https://collections.library.yale.edu/catalog/2002046	Beinecke Rare Book and Manuscript Library, Yale University	MS 408	2397269	3378e154f7ef8a45405cb008277aa1dc2229388c456cd3c66438bcca54d02c6b	True
52	27r	f027r__yale_0052.jpg	https://collections.library.yale.edu/manifests/oid/2002046/canvas/1006126	https://collections.library.yale.edu/iiif/2/1006126/full/full/0/default.jpg	2708	3743	image/jpeg	https://collections.library.yale.edu/manifests/2002046	https://collections.library.yale.edu/catalog/2002046	Beinecke Rare Book and Manuscript Library, Yale University	MS 408	2206347	978616e82efb3a452075ab98f7cde7351c373af0ecf668896c77af4f48abb9d5	True
53	27v	f027v__yale_0053.jpg	https://collections.library.yale.edu/manifests/oid/2002046/canvas/1006127	https://collections.library.yale.edu/iiif/2/1006127/full/full/0/default.jpg	2849	3769	image/jpeg	https://collections.library.yale.edu/manifests/2002046	https://collections.library.yale.edu/catalog/2002046	Beinecke Rare Book and Manuscript Library, Yale University	MS 408	2539302	a84bedb17fc768a2e3c5e335b158c86cbef92636d010ef5811fa90b68951d608	True
54	28r	f028r__yale_0054.jpg	https://collections.library.yale.edu/manifests/oid/2002046/canvas/1006128	https://collections.library.yale.edu/iiif/2/1006128/full/full/0/default.jpg	2727	3743	image/jpeg	https://collections.library.yale.edu/manifests/2002046	https://collections.library.yale.edu/catalog/2002046	Beinecke Rare Book and Manuscript Library, Yale University	MS 408	2408951	b7c3fa283b7d2647e512dac6a665c5d37945e5aab8e21798292069ef26d67c04	True
55	28v	f028v__yale_0055.jpg	https://collections.library.yale.edu/manifests/oid/2002046/canvas/1006129	https://collections.library.yale.edu/iiif/2/1006129/full/full/0/default.jpg	2885	3780	image/jpeg	https://collections.library.yale.edu/manifests/2002046	https://collections.library.yale.edu/catalog/2002046	Beinecke Rare Book and Manuscript Library, Yale University	MS 408	2403851	2d325310e4ec264132340974cb71ec7f0cdb2f62820f97e644145dec72d84605	True
56	29r	f029r__yale_0056.jpg	https://collections.library.yale.edu/manifests/oid/2002046/canvas/1006130	https://collections.library.yale.edu/iiif/2/1006130/full/full/0/default.jpg	2718	3743	image/jpeg	https://collections.library.yale.edu/manifests/2002046	https://collections.library.yale.edu/catalog/2002046	Beinecke Rare Book and Manuscript Library, Yale University	MS 408	2263746	ea8217a4cea6a3861e183a95e82d3e4ee3308aef8025bc2e9c9bce8a7a0c92d6	True
57	29v	f029v__yale_0057.jpg	https://collections.library.yale.edu/manifests/oid/2002046/canvas/1006131	https://collections.library.yale.edu/iiif/2/1006131/full/full/0/default.jpg	2876	3777	image/jpeg	https://collections.library.yale.edu/manifests/2002046	https://collections.library.yale.edu/catalog/2002046	Beinecke Rare Book and Manuscript Library, Yale University	MS 408	2578857	1739f36ccfddb9121b2acec4faea712136aeeb4ad5fb2889ba5484549d791503	True
58	30r	f030r__yale_0058.jpg	https://collections.library.yale.edu/manifests/oid/2002046/canvas/1006132	https://collections.library.yale.edu/iiif/2/1006132/full/full/0/default.jpg	2742	3743	image/jpeg	https://collections.library.yale.edu/manifests/2002046	https://collections.library.yale.edu/catalog/2002046	Beinecke Rare Book and Manuscript Library, Yale University	MS 408	2463510	df1a0812c502a83e77529d664416c5fec91f23353fd83f75f9d40c12fceb03b6	True
59	30v	f030v__yale_0059.jpg	https://collections.library.yale.edu/manifests/oid/2002046/canvas/1006133	https://collections.library.yale.edu/iiif/2/1006133/full/full/0/default.jpg	2849	3769	image/jpeg	https://collections.library.yale.edu/manifests/2002046	https://collections.library.yale.edu/catalog/2002046	Beinecke Rare Book and Manuscript Library, Yale University	MS 408	2424515	d6eed32377c25b7c13b88e83cb6981a9d16b5dcbe3c433b7611c4e0105cb0035	True
60	31r	f031r__yale_0060.jpg	https://collections.library.yale.edu/manifests/oid/2002046/canvas/1006134	https://collections.library.yale.edu/iiif/2/1006134/full/full/0/default.jpg	2717	3743	image/jpeg	https://collections.library.yale.edu/manifests/2002046	https://collections.library.yale.edu/catalog/2002046	Beinecke Rare Book and Manuscript Library, Yale University	MS 408	2275542	3968b083d7346a556796d60e97a9ea66a4bb911fa1d085cfa046e9e0b37edc64	True
61	31v	f031v__yale_0061.jpg	https://collections.library.yale.edu/manifests/oid/2002046/canvas/1006135	https://collections.library.yale.edu/iiif/2/1006135/full/full/0/default.jpg	2849	3769	image/jpeg	https://collections.library.yale.edu/manifests/2002046	https://collections.library.yale.edu/catalog/2002046	Beinecke Rare Book and Manuscript Library, Yale University	MS 408	2511446	666bd3a13edd196866270ff7d8034b8c65695139087cd4ae0da6fdfa31133921	True
62	32r	f032r__yale_0062.jpg	https://collections.library.yale.edu/manifests/oid/2002046/canvas/1006136	https://collections.library.yale.edu/iiif/2/1006136/full/full/0/default.jpg	2734	3731	image/jpeg	https://collections.library.yale.edu/manifests/2002046	https://collections.library.yale.edu/catalog/2002046	Beinecke Rare Book and Manuscript Library, Yale University	MS 408	2447039	fd6f925e17822b61b6339a768dff769f29b132ed6cb0ccb7efee616a1d4db26b	True
63	32v	f032v__yale_0063.jpg	https://collections.library.yale.edu/manifests/oid/2002046/canvas/1006137	https://collections.library.yale.edu/iiif/2/1006137/full/full/0/default.jpg	2849	3769	image/jpeg	https://collections.library.yale.edu/manifests/2002046	https://collections.library.yale.edu/catalog/2002046	Beinecke Rare Book and Manuscript Library, Yale University	MS 408	2403521	e664856322574dcfb8bcf225a9d880ce28ab6d65bf6236e47624ae05c7d3764b	True
64	33r	f033r__yale_0064.jpg	https://collections.library.yale.edu/manifests/oid/2002046/canvas/1006138	https://collections.library.yale.edu/iiif/2/1006138/full/full/0/default.jpg	2766	3743	image/jpeg	https://collections.library.yale.edu/manifests/2002046	https://collections.library.yale.edu/catalog/2002046	Beinecke Rare Book and Manuscript Library, Yale University	MS 408	2386980	28e6d9f02b9ca96b85275b7c6dd6e94453d3a2f5c6038d9966933d0229da9e74	True
65	33v	f033v__yale_0065.jpg	https://collections.library.yale.edu/manifests/oid/2002046/canvas/1006139	https://collections.library.yale.edu/iiif/2/1006139/full/full/0/default.jpg	2871	3769	image/jpeg	https://collections.library.yale.edu/manifests/2002046	https://collections.library.yale.edu/catalog/2002046	Beinecke Rare Book and Manuscript Library, Yale University	MS 408	2481281	41b148c40e9cf73c63044c5415d3c2bbeebffc20153a36762f35e8134da42941	True
66	34r	f034r__yale_0066.jpg	https://collections.library.yale.edu/manifests/oid/2002046/canvas/1006140	https://collections.library.yale.edu/iiif/2/1006140/full/full/0/default.jpg	2777	3743	image/jpeg	https://collections.library.yale.edu/manifests/2002046	https://collections.library.yale.edu/catalog/2002046	Beinecke Rare Book and Manuscript Library, Yale University	MS 408	2546157	4108828356258d68d2b53ef29d484f0648c269ecc4984781248e7803ba51e353	True
67	34v	f034v__yale_0067.jpg	https://collections.library.yale.edu/manifests/oid/2002046/canvas/1006141	https://collections.library.yale.edu/iiif/2/1006141/full/full/0/default.jpg	2881	3787	image/jpeg	https://collections.library.yale.edu/manifests/2002046	https://collections.library.yale.edu/catalog/2002046	Beinecke Rare Book and Manuscript Library, Yale University	MS 408	2447734	2f68183982075a405f7e2cc11ea06b76b263f80f20f01083279e7f03dcb4f78a	True
68	35r	f035r__yale_0068.jpg	https://collections.library.yale.edu/manifests/oid/2002046/canvas/1006142	https://collections.library.yale.edu/iiif/2/1006142/full/full/0/default.jpg	2793	3743	image/jpeg	https://collections.library.yale.edu/manifests/2002046	https://collections.library.yale.edu/catalog/2002046	Beinecke Rare Book and Manuscript Library, Yale University	MS 408	2358222	d190cd19497ea5e59b702d3abaf8513b3b706b79f16cd24947b5615efa455d71	True
69	35v	f035v__yale_0069.jpg	https://collections.library.yale.edu/manifests/oid/2002046/canvas/1006143	https://collections.library.yale.edu/iiif/2/1006143/full/full/0/default.jpg	2853	3769	image/jpeg	https://collections.library.yale.edu/manifests/2002046	https://collections.library.yale.edu/catalog/2002046	Beinecke Rare Book and Manuscript Library, Yale University	MS 408	2487494	564412e99b04406f51afe2c8f9ab20320518b3e71b91deee48fb16ee1ad3ffbd	True
70	36r	f036r__yale_0070.jpg	https://collections.library.yale.edu/manifests/oid/2002046/canvas/1006144	https://collections.library.yale.edu/iiif/2/1006144/full/full/0/default.jpg	2793	3743	image/jpeg	https://collections.library.yale.edu/manifests/2002046	https://collections.library.yale.edu/catalog/2002046	Beinecke Rare Book and Manuscript Library, Yale University	MS 408	2284575	807e9b5aa1ea72b90c39f71c5ae1cfa4aa0c303b4dd889340c2814f1cff62da2	True
71	36v	f036v__yale_0071.jpg	https://collections.library.yale.edu/manifests/oid/2002046/canvas/1006145	https://collections.library.yale.edu/iiif/2/1006145/full/full/0/default.jpg	2849	3769	image/jpeg	https://collections.library.yale.edu/manifests/2002046	https://collections.library.yale.edu/catalog/2002046	Beinecke Rare Book and Manuscript Library, Yale University	MS 408	2498755	fbbf69e740ae7a922f7e4f6cff836004827df15ab917eb6bcc43430a5c89edc2	True
72	37r	f037r__yale_0072.jpg	https://collections.library.yale.edu/manifests/oid/2002046/canvas/1006146	https://collections.library.yale.edu/iiif/2/1006146/full/full/0/default.jpg	2793	3743	image/jpeg	https://collections.library.yale.edu/manifests/2002046	https://collections.library.yale.edu/catalog/2002046	Beinecke Rare Book and Manuscript Library, Yale University	MS 408	2414081	4daf7373cfed96fcd9e3d6cb6a9a50cf413e27cc93cf507fee17bee93d8f6d28	True
73	37v	f037v__yale_0073.jpg	https://collections.library.yale.edu/manifests/oid/2002046/canvas/1006147	https://collections.library.yale.edu/iiif/2/1006147/full/full/0/default.jpg	2882	3769	image/jpeg	https://collections.library.yale.edu/manifests/2002046	https://collections.library.yale.edu/catalog/2002046	Beinecke Rare Book and Manuscript Library, Yale University	MS 408	2282211	56d2086b7ce7a126a494d472276b0f5fe025775604a9afd55e5bd8e2ef6f8649	True
74	38r	f038r__yale_0074.jpg	https://collections.library.yale.edu/manifests/oid/2002046/canvas/1006148	https://collections.library.yale.edu/iiif/2/1006148/full/full/0/default.jpg	2793	3743	image/jpeg	https://collections.library.yale.edu/manifests/2002046	https://collections.library.yale.edu/catalog/2002046	Beinecke Rare Book and Manuscript Library, Yale University	MS 408	2447400	9e4ea17ac6b9b184dae0a423bea8feab3eab48eb203dddcf786b3201e6e76b2a	True
75	38v	f038v__yale_0075.jpg	https://collections.library.yale.edu/manifests/oid/2002046/canvas/1006149	https://collections.library.yale.edu/iiif/2/1006149/full/full/0/default.jpg	2882	3769	image/jpeg	https://collections.library.yale.edu/manifests/2002046	https://collections.library.yale.edu/catalog/2002046	Beinecke Rare Book and Manuscript Library, Yale University	MS 408	2385887	4a24360ad6ad267cbc3f8cc3b50a5b84e332b8d2bb655e85683e8b5de2768161	True
76	39r	f039r__yale_0076.jpg	https://collections.library.yale.edu/manifests/oid/2002046/canvas/1006150	https://collections.library.yale.edu/iiif/2/1006150/full/full/0/default.jpg	2793	3743	image/jpeg	https://collections.library.yale.edu/manifests/2002046	https://collections.library.yale.edu/catalog/2002046	Beinecke Rare Book and Manuscript Library, Yale University	MS 408	2275064	c86b9bc0182e1385136465d92ce9c43f31320bfab55d7b2e87e1ea81a7330bf0	True
77	39v	f039v__yale_0077.jpg	https://collections.library.yale.edu/manifests/oid/2002046/canvas/1006151	https://collections.library.yale.edu/iiif/2/1006151/full/full/0/default.jpg	2882	3769	image/jpeg	https://collections.library.yale.edu/manifests/2002046	https://collections.library.yale.edu/catalog/2002046	Beinecke Rare Book and Manuscript Library, Yale University	MS 408	2542588	13cafc785fd69c7471bc670480becc6338cf20682e1d196c2ef14f03abee8586	True
78	40r	f040r__yale_0078.jpg	https://collections.library.yale.edu/manifests/oid/2002046/canvas/1006152	https://collections.library.yale.edu/iiif/2/1006152/full/full/0/default.jpg	2793	3734	image/jpeg	https://collections.library.yale.edu/manifests/2002046	https://collections.library.yale.edu/catalog/2002046	Beinecke Rare Book and Manuscript Library, Yale University	MS 408	2320825	540cff9e3a031c5de5ba9d5c7e388cd50980b0d225a1f89b97bda2c6f0de60b7	True
79	40v	f040v__yale_0079.jpg	https://collections.library.yale.edu/manifests/oid/2002046/canvas/1006153	https://collections.library.yale.edu/iiif/2/1006153/full/full/0/default.jpg	2882	3769	image/jpeg	https://collections.library.yale.edu/manifests/2002046	https://collections.library.yale.edu/catalog/2002046	Beinecke Rare Book and Manuscript Library, Yale University	MS 408	2500919	bce0c42319b096126ad9fe0558ecfb8a61335867cbd1869e0865eaacf54c1087	True
80	41r	f041r__yale_0080.jpg	https://collections.library.yale.edu/manifests/oid/2002046/canvas/1006154	https://collections.library.yale.edu/iiif/2/1006154/full/full/0/default.jpg	2840	3743	image/jpeg	https://collections.library.yale.edu/manifests/2002046	https://collections.library.yale.edu/catalog/2002046	Beinecke Rare Book and Manuscript Library, Yale University	MS 408	2320992	7631b874dbb3e2f48ade864485a0210cb207f2c7878181e458582beba86877ba	True
81	41v	f041v__yale_0081.jpg	https://collections.library.yale.edu/manifests/oid/2002046/canvas/1006155	https://collections.library.yale.edu/iiif/2/1006155/full/full/0/default.jpg	2882	3769	image/jpeg	https://collections.library.yale.edu/manifests/2002046	https://collections.library.yale.edu/catalog/2002046	Beinecke Rare Book and Manuscript Library, Yale University	MS 408	2452899	bc753d5f30cfcbd5ad6479bb16205652d55b94da16fcbba1d78574674e3743ea	True
82	42r	f042r__yale_0082.jpg	https://collections.library.yale.edu/manifests/oid/2002046/canvas/1006156	https://collections.library.yale.edu/iiif/2/1006156/full/full/0/default.jpg	2843	3743	image/jpeg	https://collections.library.yale.edu/manifests/2002046	https://collections.library.yale.edu/catalog/2002046	Beinecke Rare Book and Manuscript Library, Yale University	MS 408	2304066	5e86508e3ecdb425b791fdcba0305f51cdf9a78182d082055a3da0b55012660a	True
83	42v	f042v__yale_0083.jpg	https://collections.library.yale.edu/manifests/oid/2002046/canvas/1006157	https://collections.library.yale.edu/iiif/2/1006157/full/full/0/default.jpg	2882	3769	image/jpeg	https://collections.library.yale.edu/manifests/2002046	https://collections.library.yale.edu/catalog/2002046	Beinecke Rare Book and Manuscript Library, Yale University	MS 408	2420565	bd2a7f2bbaf4c789d51f239248d81c151f4fc1c9f5ab6f51c148646a9d301f66	True
84	43r	f043r__yale_0084.jpg	https://collections.library.yale.edu/manifests/oid/2002046/canvas/1006158	https://collections.library.yale.edu/iiif/2/1006158/full/full/0/default.jpg	2837	3751	image/jpeg	https://collections.library.yale.edu/manifests/2002046	https://collections.library.yale.edu/catalog/2002046	Beinecke Rare Book and Manuscript Library, Yale University	MS 408	2546968	cf92565c8f400c987e59359d77c297fc52afc2f6996bd60e5421cbc1074a4bd2	True
85	43v	f043v__yale_0085.jpg	https://collections.library.yale.edu/manifests/oid/2002046/canvas/1006159	https://collections.library.yale.edu/iiif/2/1006159/full/full/0/default.jpg	2882	3769	image/jpeg	https://collections.library.yale.edu/manifests/2002046	https://collections.library.yale.edu/catalog/2002046	Beinecke Rare Book and Manuscript Library, Yale University	MS 408	2374588	13c816595b0ec2ae3ed702ff1b17fe1b3756faec0dbc51ca95ca04873206c133	True
86	44r	f044r__yale_0086.jpg	https://collections.library.yale.edu/manifests/oid/2002046/canvas/1006160	https://collections.library.yale.edu/iiif/2/1006160/full/full/0/default.jpg	2799	3728	image/jpeg	https://collections.library.yale.edu/manifests/2002046	https://collections.library.yale.edu/catalog/2002046	Beinecke Rare Book and Manuscript Library, Yale University	MS 408	2401007	f9cd059bb34057bf9635a1d1443cafd3b358cdb64ec0c5e1ff73bfc091da0eb3	True
87	44v	f044v__yale_0087.jpg	https://collections.library.yale.edu/manifests/oid/2002046/canvas/1006161	https://collections.library.yale.edu/iiif/2/1006161/full/full/0/default.jpg	2882	3769	image/jpeg	https://collections.library.yale.edu/manifests/2002046	https://collections.library.yale.edu/catalog/2002046	Beinecke Rare Book and Manuscript Library, Yale University	MS 408	2364267	dd57f4055f9c933913cf550f76b2786cdeeeeea74fd9641c55f148903e4cd3db	True
88	45r	f045r__yale_0088.jpg	https://collections.library.yale.edu/manifests/oid/2002046/canvas/1006162	https://collections.library.yale.edu/iiif/2/1006162/full/full/0/default.jpg	2823	3706	image/jpeg	https://collections.library.yale.edu/manifests/2002046	https://collections.library.yale.edu/catalog/2002046	Beinecke Rare Book and Manuscript Library, Yale University	MS 408	2317232	32afa9bda4154db2e3236081b0d7603dfc34bf11b1844a5084881b764dafe4f8	True
89	45v	f045v__yale_0089.jpg	https://collections.library.yale.edu/manifests/oid/2002046/canvas/1006163	https://collections.library.yale.edu/iiif/2/1006163/full/full/0/default.jpg	2900	3769	image/jpeg	https://collections.library.yale.edu/manifests/2002046	https://collections.library.yale.edu/catalog/2002046	Beinecke Rare Book and Manuscript Library, Yale University	MS 408	2595090	f49fcf1b8abb327483cdf272104a0dc628f31394a413908c866eb0094bd2d224	True
90	46r	f046r__yale_0090.jpg	https://collections.library.yale.edu/manifests/oid/2002046/canvas/1006164	https://collections.library.yale.edu/iiif/2/1006164/full/full/0/default.jpg	2865	3719	image/jpeg	https://collections.library.yale.edu/manifests/2002046	https://collections.library.yale.edu/catalog/2002046	Beinecke Rare Book and Manuscript Library, Yale University	MS 408	2390615	bc11de34e89d67f2b61c63473c3273256aa45d3d6beac4195c95625c07422740	True
91	46v	f046v__yale_0091.jpg	https://collections.library.yale.edu/manifests/oid/2002046/canvas/1006165	https://collections.library.yale.edu/iiif/2/1006165/full/full/0/default.jpg	2938	3769	image/jpeg	https://collections.library.yale.edu/manifests/2002046	https://collections.library.yale.edu/catalog/2002046	Beinecke Rare Book and Manuscript Library, Yale University	MS 408	2616301	bee511bff7d50d8ef83a70b598e1c2d8733cd1e6ad72b070f7fbd4e2171cb0ec	True
92	47r	f047r__yale_0092.jpg	https://collections.library.yale.edu/manifests/oid/2002046/canvas/1006166	https://collections.library.yale.edu/iiif/2/1006166/full/full/0/default.jpg	2826	3716	image/jpeg	https://collections.library.yale.edu/manifests/2002046	https://collections.library.yale.edu/catalog/2002046	Beinecke Rare Book and Manuscript Library, Yale University	MS 408	2357654	5a0a7f262b1fbccb44cd7e6ae69097476b92ff38f4124a50532a79e4f2619033	True
93	47v	f047v__yale_0093.jpg	https://collections.library.yale.edu/manifests/oid/2002046/canvas/1006167	https://collections.library.yale.edu/iiif/2/1006167/full/full/0/default.jpg	2932	3769	image/jpeg	https://collections.library.yale.edu/manifests/2002046	https://collections.library.yale.edu/catalog/2002046	Beinecke Rare Book and Manuscript Library, Yale University	MS 408	2364698	bcdae68e9bf1f172ad100b598b3189a2eff85cb7b67a151f7bb4a44f1f56f94e	True
94	48r	f048r__yale_0094.jpg	https://collections.library.yale.edu/manifests/oid/2002046/canvas/1006168	https://collections.library.yale.edu/iiif/2/1006168/full/full/0/default.jpg	2859	3719	image/jpeg	https://collections.library.yale.edu/manifests/2002046	https://collections.library.yale.edu/catalog/2002046	Beinecke Rare Book and Manuscript Library, Yale University	MS 408	2448267	f34ccbd6fbb72b5a469ca16b1b07ded862be76e01e0dcf9133940ffdd10c672e	True
95	48v	f048v__yale_0095.jpg	https://collections.library.yale.edu/manifests/oid/2002046/canvas/1006169	https://collections.library.yale.edu/iiif/2/1006169/full/full/0/default.jpg	2950	3769	image/jpeg	https://collections.library.yale.edu/manifests/2002046	https://collections.library.yale.edu/catalog/2002046	Beinecke Rare Book and Manuscript Library, Yale University	MS 408	2430994	c0ecc85912878c5c27ad64d560dd088e703ea95e68a87aaecb112a4aabcbe516	True
96	49r	f049r__yale_0096.jpg	https://collections.library.yale.edu/manifests/oid/2002046/canvas/1006170	https://collections.library.yale.edu/iiif/2/1006170/full/full/0/default.jpg	2837	3762	image/jpeg	https://collections.library.yale.edu/manifests/2002046	https://collections.library.yale.edu/catalog/2002046	Beinecke Rare Book and Manuscript Library, Yale University	MS 408	2364265	c125a5ffc5121e31e07dbaebd4515d6375e2f71feff312690dc943e62e0d8d56	True
97	49v	f049v__yale_0097.jpg	https://collections.library.yale.edu/manifests/oid/2002046/canvas/1006171	https://collections.library.yale.edu/iiif/2/1006171/full/full/0/default.jpg	2935	3769	image/jpeg	https://collections.library.yale.edu/manifests/2002046	https://collections.library.yale.edu/catalog/2002046	Beinecke Rare Book and Manuscript Library, Yale University	MS 408	2665282	3c03e0e8b3d3e75f93ba7a7619a029b7ffbe33d7243f32222ad59ac7555dfd96	True
98	50r	f050r__yale_0098.jpg	https://collections.library.yale.edu/manifests/oid/2002046/canvas/1006172	https://collections.library.yale.edu/iiif/2/1006172/full/full/0/default.jpg	2840	3751	image/jpeg	https://collections.library.yale.edu/manifests/2002046	https://collections.library.yale.edu/catalog/2002046	Beinecke Rare Book and Manuscript Library, Yale University	MS 408	2469159	a48565bbb583e5b9564f7ad0754d1cbe5802a9d8af48e64825434ad1b05ad70d	True
99	50v	f050v__yale_0099.jpg	https://collections.library.yale.edu/manifests/oid/2002046/canvas/1006173	https://collections.library.yale.edu/iiif/2/1006173/full/full/0/default.jpg	2942	3769	image/jpeg	https://collections.library.yale.edu/manifests/2002046	https://collections.library.yale.edu/catalog/2002046	Beinecke Rare Book and Manuscript Library, Yale University	MS 408	2504671	bbd4d60e069704fdfe91394ac07387022341c6cf08eb7d6d2160a34ea5b7677d	True
100	51r	f051r__yale_0100.jpg	https://collections.library.yale.edu/manifests/oid/2002046/canvas/1006174	https://collections.library.yale.edu/iiif/2/1006174/full/full/0/default.jpg	2835	3764	image/jpeg	https://collections.library.yale.edu/manifests/2002046	https://collections.library.yale.edu/catalog/2002046	Beinecke Rare Book and Manuscript Library, Yale University	MS 408	2464029	d3335f9fe15abe0d4473e881f411f658fe7a4db70fcb03c13dad8a2f49cf6cc1	True
101	51v	f051v__yale_0101.jpg	https://collections.library.yale.edu/manifests/oid/2002046/canvas/1006175	https://collections.library.yale.edu/iiif/2/1006175/full/full/0/default.jpg	2927	3769	image/jpeg	https://collections.library.yale.edu/manifests/2002046	https://collections.library.yale.edu/catalog/2002046	Beinecke Rare Book and Manuscript Library, Yale University	MS 408	2392238	7e794abb1dfddce9f2cee013a7f1aaec880b86e884ae17298354863b0108734e	True
102	52r	f052r__yale_0102.jpg	https://collections.library.yale.edu/manifests/oid/2002046/canvas/1006176	https://collections.library.yale.edu/iiif/2/1006176/full/full/0/default.jpg	2826	3757	image/jpeg	https://collections.library.yale.edu/manifests/2002046	https://collections.library.yale.edu/catalog/2002046	Beinecke Rare Book and Manuscript Library, Yale University	MS 408	2368581	002748147666ab2ec1d81be186248a7a9b58e001a8b61a53498b8d7f49193206	True
103	52v	f052v__yale_0103.jpg	https://collections.library.yale.edu/manifests/oid/2002046/canvas/1006177	https://collections.library.yale.edu/iiif/2/1006177/full/full/0/default.jpg	2935	3769	image/jpeg	https://collections.library.yale.edu/manifests/2002046	https://collections.library.yale.edu/catalog/2002046	Beinecke Rare Book and Manuscript Library, Yale University	MS 408	2556232	9792c5070fa339a220781439d0b8864d48b2e2dc071cd051b24e501d565ddb39	True
104	53r	f053r__yale_0104.jpg	https://collections.library.yale.edu/manifests/oid/2002046/canvas/1006178	https://collections.library.yale.edu/iiif/2/1006178/full/full/0/default.jpg	2793	3707	image/jpeg	https://collections.library.yale.edu/manifests/2002046	https://collections.library.yale.edu/catalog/2002046	Beinecke Rare Book and Manuscript Library, Yale University	MS 408	2480129	a415de024d9cf57a8a607c764d9a8d038803dcaabda8a77f7325645fa0c73f89	True
105	53v	f053v__yale_0105.jpg	https://collections.library.yale.edu/manifests/oid/2002046/canvas/1006179	https://collections.library.yale.edu/iiif/2/1006179/full/full/0/default.jpg	2940	3769	image/jpeg	https://collections.library.yale.edu/manifests/2002046	https://collections.library.yale.edu/catalog/2002046	Beinecke Rare Book and Manuscript Library, Yale University	MS 408	2491136	717481f74b5552c603f38ec3b2ae4de2f447320e18d3aaf368a8ccd211e1df11	True
106	54r	f054r__yale_0106.jpg	https://collections.library.yale.edu/manifests/oid/2002046/canvas/1006180	https://collections.library.yale.edu/iiif/2/1006180/full/full/0/default.jpg	2793	3718	image/jpeg	https://collections.library.yale.edu/manifests/2002046	https://collections.library.yale.edu/catalog/2002046	Beinecke Rare Book and Manuscript Library, Yale University	MS 408	1712121	471b393530cf2f80116e8bcfb9712b43e991db175b919e594a1587cca21f2eaa	True
107	54v	f054v__yale_0107.jpg	https://collections.library.yale.edu/manifests/oid/2002046/canvas/1006181	https://collections.library.yale.edu/iiif/2/1006181/full/full/0/default.jpg	2999	3769	image/jpeg	https://collections.library.yale.edu/manifests/2002046	https://collections.library.yale.edu/catalog/2002046	Beinecke Rare Book and Manuscript Library, Yale University	MS 408	2612218	97c02cfada6ad1c2450bdac0e345cddc4d4788570813b84ac65ccdcd360dbc13	True
108	55r	f055r__yale_0108.jpg	https://collections.library.yale.edu/manifests/oid/2002046/canvas/1006182	https://collections.library.yale.edu/iiif/2/1006182/full/full/0/default.jpg	2793	3738	image/jpeg	https://collections.library.yale.edu/manifests/2002046	https://collections.library.yale.edu/catalog/2002046	Beinecke Rare Book and Manuscript Library, Yale University	MS 408	2429358	24e4b496a7e198a6bcd8d98044112d45418c157f2f2a54fdf997e01de6d53126	True
109	55v	f055v__yale_0109.jpg	https://collections.library.yale.edu/manifests/oid/2002046/canvas/1006183	https://collections.library.yale.edu/iiif/2/1006183/full/full/0/default.jpg	2979	3769	image/jpeg	https://collections.library.yale.edu/manifests/2002046	https://collections.library.yale.edu/catalog/2002046	Beinecke Rare Book and Manuscript Library, Yale University	MS 408	2472922	0e9b1dac025cad189bc7258f41fb8cafc6fcff70f9c4e5bb4f85c9bb79ad5a80	True
110	56r	f056r__yale_0110.jpg	https://collections.library.yale.edu/manifests/oid/2002046/canvas/1006184	https://collections.library.yale.edu/iiif/2/1006184/full/full/0/default.jpg	2793	3707	image/jpeg	https://collections.library.yale.edu/manifests/2002046	https://collections.library.yale.edu/catalog/2002046	Beinecke Rare Book and Manuscript Library, Yale University	MS 408	2375075	d81272aa14671b1b6672fe7556c15ac177c734685d9ef7448237a2cc08dc899d	True
111	56v	f056v__yale_0111.jpg	https://collections.library.yale.edu/manifests/oid/2002046/canvas/1006185	https://collections.library.yale.edu/iiif/2/1006185/full/full/0/default.jpg	2979	3769	image/jpeg	https://collections.library.yale.edu/manifests/2002046	https://collections.library.yale.edu/catalog/2002046	Beinecke Rare Book and Manuscript Library, Yale University	MS 408	2431108	d92ba733bf53dc49e8d81df2d1873d5f36c52f98cf67292ea43e66a844a61cc9	True
112	57r	f057r__yale_0112.jpg	https://collections.library.yale.edu/manifests/oid/2002046/canvas/1006186	https://collections.library.yale.edu/iiif/2/1006186/full/full/0/default.jpg	2823	3733	image/jpeg	https://collections.library.yale.edu/manifests/2002046	https://collections.library.yale.edu/catalog/2002046	Beinecke Rare Book and Manuscript Library, Yale University	MS 408	2514436	473727b2ea1dd000a4a15eaa57302a48c410d4f6e670abdd607cd7c7461ff98c	True
113	57v	f057v__yale_0113.jpg	https://collections.library.yale.edu/manifests/oid/2002046/canvas/1006187	https://collections.library.yale.edu/iiif/2/1006187/full/full/0/default.jpg	3028	3769	image/jpeg	https://collections.library.yale.edu/manifests/2002046	https://collections.library.yale.edu/catalog/2002046	Beinecke Rare Book and Manuscript Library, Yale University	MS 408	2470040	2bf46dbeaaaab4a97075f46f503582da0eef2b352eb92277d7a3b6db1a3a0b8c	True
114	58r	f058r__yale_0114.jpg	https://collections.library.yale.edu/manifests/oid/2002046/canvas/1006188	https://collections.library.yale.edu/iiif/2/1006188/full/full/0/default.jpg	2793	3749	image/jpeg	https://collections.library.yale.edu/manifests/2002046	https://collections.library.yale.edu/catalog/2002046	Beinecke Rare Book and Manuscript Library, Yale University	MS 408	2379242	2897cf3214d13176c9d708a9f4f9030752a50922271ade7286c0c2cd73b811fd	True
115	58v	f058v__yale_0115.jpg	https://collections.library.yale.edu/manifests/oid/2002046/canvas/1006189	https://collections.library.yale.edu/iiif/2/1006189/full/full/0/default.jpg	2986	3769	image/jpeg	https://collections.library.yale.edu/manifests/2002046	https://collections.library.yale.edu/catalog/2002046	Beinecke Rare Book and Manuscript Library, Yale University	MS 408	2342333	7319cd29982e6ac56192d02b8546a4b65aace9f2e65f3c782a1c019a94d3b3fc	True
116	65r	f065r__yale_0116.jpg	https://collections.library.yale.edu/manifests/oid/2002046/canvas/1006190	https://collections.library.yale.edu/iiif/2/1006190/full/full/0/default.jpg	2793	3707	image/jpeg	https://collections.library.yale.edu/manifests/2002046	https://collections.library.yale.edu/catalog/2002046	Beinecke Rare Book and Manuscript Library, Yale University	MS 408	2278211	dc7a0c45454665f33287804ec56f8eaa952a691540fc6fd434e79d75c7ce597f	True
117	65v	f065v__yale_0117.jpg	https://collections.library.yale.edu/manifests/oid/2002046/canvas/1006191	https://collections.library.yale.edu/iiif/2/1006191/full/full/0/default.jpg	3010	3769	image/jpeg	https://collections.library.yale.edu/manifests/2002046	https://collections.library.yale.edu/catalog/2002046	Beinecke Rare Book and Manuscript Library, Yale University	MS 408	2659154	d3ebd8bfcf12a0a98f9ecc96ee345e82c7cc15d5c786c93c63ccd2f923ea1714	True
118	66r	f066r__yale_0118.jpg	https://collections.library.yale.edu/manifests/oid/2002046/canvas/1006192	https://collections.library.yale.edu/iiif/2/1006192/full/full/0/default.jpg	2793	3707	image/jpeg	https://collections.library.yale.edu/manifests/2002046	https://collections.library.yale.edu/catalog/2002046	Beinecke Rare Book and Manuscript Library, Yale University	MS 408	2438243	47d6a239bb7dbdc8d5e1a2238f2e10cf533d8abb409338017761bd3aed0a7554	True
119	66v	f066v__yale_0119.jpg	https://collections.library.yale.edu/manifests/oid/2002046/canvas/1006193	https://collections.library.yale.edu/iiif/2/1006193/full/full/0/default.jpg	2997	3769	image/jpeg	https://collections.library.yale.edu/manifests/2002046	https://collections.library.yale.edu/catalog/2002046	Beinecke Rare Book and Manuscript Library, Yale University	MS 408	2777718	8304c6ba3605207c67f4f843974e60e947b423f21255a06656d6af3055fa53ce	True
120	67r	f067r__yale_0120.jpg	https://collections.library.yale.edu/manifests/oid/2002046/canvas/1006194	https://collections.library.yale.edu/iiif/2/1006194/full/full/0/default.jpg	4972	3738	image/jpeg	https://collections.library.yale.edu/manifests/2002046	https://collections.library.yale.edu/catalog/2002046	Beinecke Rare Book and Manuscript Library, Yale University	MS 408	4023408	0518312a566ee713a46c9887d8b8b9d7141d14095e360661789c1dad9b5c0d1c	True
121	67v	f067v__yale_0121.jpg	https://collections.library.yale.edu/manifests/oid/2002046/canvas/1006195	https://collections.library.yale.edu/iiif/2/1006195/full/full/0/default.jpg	5059	3753	image/jpeg	https://collections.library.yale.edu/manifests/2002046	https://collections.library.yale.edu/catalog/2002046	Beinecke Rare Book and Manuscript Library, Yale University	MS 408	4446668	4799e8ebd8d968ea28dae919cfb86065566662b4e77c8b429d12e3e6e685638b	True
122	68r	f068r__yale_0122.jpg	https://collections.library.yale.edu/manifests/oid/2002046/canvas/1006196	https://collections.library.yale.edu/iiif/2/1006196/full/full/0/default.jpg	7993	3828	image/jpeg	https://collections.library.yale.edu/manifests/2002046	https://collections.library.yale.edu/catalog/2002046	Beinecke Rare Book and Manuscript Library, Yale University	MS 408	7286292	4b0f31d1e08b8f026886aa599232b7dfcd33417b1eef43a44e619c3ebd21faa5	True
123	68v	f068v__yale_0123.jpg	https://collections.library.yale.edu/manifests/oid/2002046/canvas/1006197	https://collections.library.yale.edu/iiif/2/1006197/full/full/0/default.jpg	8135	3843	image/jpeg	https://collections.library.yale.edu/manifests/2002046	https://collections.library.yale.edu/catalog/2002046	Beinecke Rare Book and Manuscript Library, Yale University	MS 408	6296138	06d33798cd4f901771b9869078d3f29f7e7ef5a490a9abc6dd09f3a3adec867f	True
124	69r	f069r__yale_0124.jpg	https://collections.library.yale.edu/manifests/oid/2002046/canvas/1006198	https://collections.library.yale.edu/iiif/2/1006198/full/full/0/default.jpg	2793	3763	image/jpeg	https://collections.library.yale.edu/manifests/2002046	https://collections.library.yale.edu/catalog/2002046	Beinecke Rare Book and Manuscript Library, Yale University	MS 408	2310730	b830e74480830c0d5e8f7b56025473e051743f9ec50685b6fe316ecd493f0f01	True
125	69v and 70r	f069v_and_f070r__yale_0125.jpg	https://collections.library.yale.edu/manifests/oid/2002046/canvas/1006199	https://collections.library.yale.edu/iiif/2/1006199/full/full/0/default.jpg	8886	3876	image/jpeg	https://collections.library.yale.edu/manifests/2002046	https://collections.library.yale.edu/catalog/2002046	Beinecke Rare Book and Manuscript Library, Yale University	MS 408	7504623	709419c3c6861c216b1746261884e08a38f1b5a2b052ad129e78cdd73697b5e9	True
126	70v (part)	f070v_part__yale_0126.jpg	https://collections.library.yale.edu/manifests/oid/2002046/canvas/1006200	https://collections.library.yale.edu/iiif/2/1006200/full/full/0/default.jpg	3945	3772	image/jpeg	https://collections.library.yale.edu/manifests/2002046	https://collections.library.yale.edu/catalog/2002046	Beinecke Rare Book and Manuscript Library, Yale University	MS 408	3460553	062ff6a9f14d0c16eb12dc8f6dc480771b7c19746ebdb20302b998e66181ccea	True
127	70v (part)	f070v_part__yale_0127.jpg	https://collections.library.yale.edu/manifests/oid/2002046/canvas/1006201	https://collections.library.yale.edu/iiif/2/1006201/full/full/0/default.jpg	2979	3700	image/jpeg	https://collections.library.yale.edu/manifests/2002046	https://collections.library.yale.edu/catalog/2002046	Beinecke Rare Book and Manuscript Library, Yale University	MS 408	2452475	c8f24b6be5451aba49eb793784c43cb7fc8341dca8a58ff43fc1eebf4877b60c	True
128	71r	f071r__yale_0128.jpg	https://collections.library.yale.edu/manifests/oid/2002046/canvas/1006202	https://collections.library.yale.edu/iiif/2/1006202/full/full/0/default.jpg	2793	3762	image/jpeg	https://collections.library.yale.edu/manifests/2002046	https://collections.library.yale.edu/catalog/2002046	Beinecke Rare Book and Manuscript Library, Yale University	MS 408	2497713	6405841a75a8fa24dd9e5c93ad090ee56bf26c77757f3b1634487e27b509e61b	True
129	71v and 72r	f071v_and_f072r__yale_0129.jpg	https://collections.library.yale.edu/manifests/oid/2002046/canvas/1006203	https://collections.library.yale.edu/iiif/2/1006203/full/full/0/default.jpg	8865	3018	image/jpeg	https://collections.library.yale.edu/manifests/2002046	https://collections.library.yale.edu/catalog/2002046	Beinecke Rare Book and Manuscript Library, Yale University	MS 408	4057262	45f7caf4b58744fdcd4928887661b56a135538a5a40a24fea6ca6c5239898269	True
130	72v (part)	f072v_part__yale_0130.jpg	https://collections.library.yale.edu/manifests/oid/2002046/canvas/1006204	https://collections.library.yale.edu/iiif/2/1006204/full/full/0/default.jpg	5976	3794	image/jpeg	https://collections.library.yale.edu/manifests/2002046	https://collections.library.yale.edu/catalog/2002046	Beinecke Rare Book and Manuscript Library, Yale University	MS 408	5185933	2552b2eafb7948d182e52ec49e96a5d92a774917924aea594fb1ac3af3bfcdc5	True
131	72v (part)	f072v_part__yale_0131.jpg	https://collections.library.yale.edu/manifests/oid/2002046/canvas/1006205	https://collections.library.yale.edu/iiif/2/1006205/full/full/0/default.jpg	2979	3712	image/jpeg	https://collections.library.yale.edu/manifests/2002046	https://collections.library.yale.edu/catalog/2002046	Beinecke Rare Book and Manuscript Library, Yale University	MS 408	2656012	c0ac0dbc3e4b4a6eb2b8edf26dc762a7f9bf26ac9c385fa6bdc770725622b1e7	True
132	73r	f073r__yale_0132.jpg	https://collections.library.yale.edu/manifests/oid/2002046/canvas/1006206	https://collections.library.yale.edu/iiif/2/1006206/full/full/0/default.jpg	2834	3761	image/jpeg	https://collections.library.yale.edu/manifests/2002046	https://collections.library.yale.edu/catalog/2002046	Beinecke Rare Book and Manuscript Library, Yale University	MS 408	2417083	5bc8e07dbd61cc1f218cfc4449cd527be118aa7884878ec4c8e568e9c2d89bad	True
133	73v	f073v__yale_0133.jpg	https://collections.library.yale.edu/manifests/oid/2002046/canvas/1006207	https://collections.library.yale.edu/iiif/2/1006207/full/full/0/default.jpg	2979	3724	image/jpeg	https://collections.library.yale.edu/manifests/2002046	https://collections.library.yale.edu/catalog/2002046	Beinecke Rare Book and Manuscript Library, Yale University	MS 408	2509279	4227e5261bb5986e605ddb4f58fa1526640955d778c06916a1c34734bb431141	True
134	75r	f075r__yale_0134.jpg	https://collections.library.yale.edu/manifests/oid/2002046/canvas/1006208	https://collections.library.yale.edu/iiif/2/1006208/full/full/0/default.jpg	2852	3759	image/jpeg	https://collections.library.yale.edu/manifests/2002046	https://collections.library.yale.edu/catalog/2002046	Beinecke Rare Book and Manuscript Library, Yale University	MS 408	2481871	6fd33917722a97ef0c93f905885963332645c1a1c81f60f03a165b12007a7fc3	True
135	75v	f075v__yale_0135.jpg	https://collections.library.yale.edu/manifests/oid/2002046/canvas/1006209	https://collections.library.yale.edu/iiif/2/1006209/full/full/0/default.jpg	2868	3735	image/jpeg	https://collections.library.yale.edu/manifests/2002046	https://collections.library.yale.edu/catalog/2002046	Beinecke Rare Book and Manuscript Library, Yale University	MS 408	2379752	654edf15a65d1a2bb0d7bb4995f8f6fba1625d5eed847c9b6969d1c44e385a23	True
136	76r	f076r__yale_0136.jpg	https://collections.library.yale.edu/manifests/oid/2002046/canvas/1006210	https://collections.library.yale.edu/iiif/2/1006210/full/full/0/default.jpg	2793	3769	image/jpeg	https://collections.library.yale.edu/manifests/2002046	https://collections.library.yale.edu/catalog/2002046	Beinecke Rare Book and Manuscript Library, Yale University	MS 408	2495259	39d264ab4e6fbb9cad1de45b7efedb6f4b9cb497cb587214926fcbaf6590ec68	True
137	76v	f076v__yale_0137.jpg	https://collections.library.yale.edu/manifests/oid/2002046/canvas/1006211	https://collections.library.yale.edu/iiif/2/1006211/full/full/0/default.jpg	2823	3712	image/jpeg	https://collections.library.yale.edu/manifests/2002046	https://collections.library.yale.edu/catalog/2002046	Beinecke Rare Book and Manuscript Library, Yale University	MS 408	2437408	affdb2ff70e84ae277d3d30d18b3a468bd4eded393f70514978ad8b0c48df49e	True
138	77r	f077r__yale_0138.jpg	https://collections.library.yale.edu/manifests/oid/2002046/canvas/1006212	https://collections.library.yale.edu/iiif/2/1006212/full/full/0/default.jpg	2793	3752	image/jpeg	https://collections.library.yale.edu/manifests/2002046	https://collections.library.yale.edu/catalog/2002046	Beinecke Rare Book and Manuscript Library, Yale University	MS 408	2502790	9ad387ccea37cd8a25ce9602817eb19af5105c545a238203715efe454e5b24ad	True
139	77v	f077v__yale_0139.jpg	https://collections.library.yale.edu/manifests/oid/2002046/canvas/1006213	https://collections.library.yale.edu/iiif/2/1006213/full/full/0/default.jpg	2861	3697	image/jpeg	https://collections.library.yale.edu/manifests/2002046	https://collections.library.yale.edu/catalog/2002046	Beinecke Rare Book and Manuscript Library, Yale University	MS 408	2444513	e2e2f629753bfe6a9c111d8157ac63cfc4524966cbf367ddaaffece07cffdab2	True
140	78r	f078r__yale_0140.jpg	https://collections.library.yale.edu/manifests/oid/2002046/canvas/1006214	https://collections.library.yale.edu/iiif/2/1006214/full/full/0/default.jpg	2793	3761	image/jpeg	https://collections.library.yale.edu/manifests/2002046	https://collections.library.yale.edu/catalog/2002046	Beinecke Rare Book and Manuscript Library, Yale University	MS 408	2440887	0054f691ac8fddcac324fba6b385f8ad578cd0f2f9879d5498a325bab0310893	True
141	78v	f078v__yale_0141.jpg	https://collections.library.yale.edu/manifests/oid/2002046/canvas/1006215	https://collections.library.yale.edu/iiif/2/1006215/full/full/0/default.jpg	2841	3706	image/jpeg	https://collections.library.yale.edu/manifests/2002046	https://collections.library.yale.edu/catalog/2002046	Beinecke Rare Book and Manuscript Library, Yale University	MS 408	2477344	9c574f3a564cc55252633174784745a075689be93a9c7249f381f71434f282e0	True
142	79r	f079r__yale_0142.jpg	https://collections.library.yale.edu/manifests/oid/2002046/canvas/1006216	https://collections.library.yale.edu/iiif/2/1006216/full/full/0/default.jpg	2784	3755	image/jpeg	https://collections.library.yale.edu/manifests/2002046	https://collections.library.yale.edu/catalog/2002046	Beinecke Rare Book and Manuscript Library, Yale University	MS 408	2480261	a0f51d21267270b55ac69fc947a4a3443e2a32fc263b162c51a27ad9745eb979	True
143	79v	f079v__yale_0143.jpg	https://collections.library.yale.edu/manifests/oid/2002046/canvas/1006217	https://collections.library.yale.edu/iiif/2/1006217/full/full/0/default.jpg	2811	3714	image/jpeg	https://collections.library.yale.edu/manifests/2002046	https://collections.library.yale.edu/catalog/2002046	Beinecke Rare Book and Manuscript Library, Yale University	MS 408	2349308	81d647bbc752211d5bf671f7791c59fc8dceaa60e20e7f7a075319b44ed879c1	True
144	80r	f080r__yale_0144.jpg	https://collections.library.yale.edu/manifests/oid/2002046/canvas/1006218	https://collections.library.yale.edu/iiif/2/1006218/full/full/0/default.jpg	2793	3733	image/jpeg	https://collections.library.yale.edu/manifests/2002046	https://collections.library.yale.edu/catalog/2002046	Beinecke Rare Book and Manuscript Library, Yale University	MS 408	2458868	81223a0b0aa0a24fe821cf62a9bdf4ac504f222ab3cfcb89fcedd7946bceada0	True
145	80v	f080v__yale_0145.jpg	https://collections.library.yale.edu/manifests/oid/2002046/canvas/1006219	https://collections.library.yale.edu/iiif/2/1006219/full/full/0/default.jpg	2837	3712	image/jpeg	https://collections.library.yale.edu/manifests/2002046	https://collections.library.yale.edu/catalog/2002046	Beinecke Rare Book and Manuscript Library, Yale University	MS 408	2565980	29c94fba8ec872eb71faab93fc4a02e09cd4ef31d1b9001bd44f011d141cfb0b	True
146	81r	f081r__yale_0146.jpg	https://collections.library.yale.edu/manifests/oid/2002046/canvas/1006220	https://collections.library.yale.edu/iiif/2/1006220/full/full/0/default.jpg	2776	3737	image/jpeg	https://collections.library.yale.edu/manifests/2002046	https://collections.library.yale.edu/catalog/2002046	Beinecke Rare Book and Manuscript Library, Yale University	MS 408	2489043	e5e83f606eb9c3089051035f53ea694bcb1dadb5a93ee0064019c903ec6802fe	True
147	81v	f081v__yale_0147.jpg	https://collections.library.yale.edu/manifests/oid/2002046/canvas/1006221	https://collections.library.yale.edu/iiif/2/1006221/full/full/0/default.jpg	2835	3705	image/jpeg	https://collections.library.yale.edu/manifests/2002046	https://collections.library.yale.edu/catalog/2002046	Beinecke Rare Book and Manuscript Library, Yale University	MS 408	2314288	bb1a2316e7fc2966f5761f591d79339c75dcfbc6c2c9ab2b88a37e800266d4bf	True
148	82r	f082r__yale_0148.jpg	https://collections.library.yale.edu/manifests/oid/2002046/canvas/1006222	https://collections.library.yale.edu/iiif/2/1006222/full/full/0/default.jpg	2753	3745	image/jpeg	https://collections.library.yale.edu/manifests/2002046	https://collections.library.yale.edu/catalog/2002046	Beinecke Rare Book and Manuscript Library, Yale University	MS 408	2361120	269cb42307824ab82764f80009429e58d98c649371d8efe10d2a1f54132a21ef	True
149	82v	f082v__yale_0149.jpg	https://collections.library.yale.edu/manifests/oid/2002046/canvas/1006223	https://collections.library.yale.edu/iiif/2/1006223/full/full/0/default.jpg	2821	3709	image/jpeg	https://collections.library.yale.edu/manifests/2002046	https://collections.library.yale.edu/catalog/2002046	Beinecke Rare Book and Manuscript Library, Yale University	MS 408	2476549	4c86853e2d6e62690ec0106dcc3812c95f009022b06e7edfd347386728003142	True
150	83r	f083r__yale_0150.jpg	https://collections.library.yale.edu/manifests/oid/2002046/canvas/1006224	https://collections.library.yale.edu/iiif/2/1006224/full/full/0/default.jpg	2753	3745	image/jpeg	https://collections.library.yale.edu/manifests/2002046	https://collections.library.yale.edu/catalog/2002046	Beinecke Rare Book and Manuscript Library, Yale University	MS 408	2534965	dc353557586906cbe4210f503cc57af58599a3948517fb45b1d222760be96729	True
151	83v	f083v__yale_0151.jpg	https://collections.library.yale.edu/manifests/oid/2002046/canvas/1006225	https://collections.library.yale.edu/iiif/2/1006225/full/full/0/default.jpg	2858	3693	image/jpeg	https://collections.library.yale.edu/manifests/2002046	https://collections.library.yale.edu/catalog/2002046	Beinecke Rare Book and Manuscript Library, Yale University	MS 408	2577846	dc4610b14efc89e3eded3b887b28b95f8c98a07adb4bed6d83a10e37daf0c7e9	True
152	84r	f084r__yale_0152.jpg	https://collections.library.yale.edu/manifests/oid/2002046/canvas/1006226	https://collections.library.yale.edu/iiif/2/1006226/full/full/0/default.jpg	2753	3745	image/jpeg	https://collections.library.yale.edu/manifests/2002046	https://collections.library.yale.edu/catalog/2002046	Beinecke Rare Book and Manuscript Library, Yale University	MS 408	2430526	7e8fa7c29b6c6ab462ad5359bdabfcd60505622700f6e5cb18478d20cbd79fbe	True
153	84v	f084v__yale_0153.jpg	https://collections.library.yale.edu/manifests/oid/2002046/canvas/1006227	https://collections.library.yale.edu/iiif/2/1006227/full/full/0/default.jpg	2838	3697	image/jpeg	https://collections.library.yale.edu/manifests/2002046	https://collections.library.yale.edu/catalog/2002046	Beinecke Rare Book and Manuscript Library, Yale University	MS 408	2581927	e47d19f00b8c50c3216c4e48106c0b229c61091b403f52bb084bf89fa9fe5f6f	True
154	85r (part) (part of 85-86 foldout)	f085r_part_85_86_foldout__yale_0154.jpg	https://collections.library.yale.edu/manifests/oid/2002046/canvas/1006228	https://collections.library.yale.edu/iiif/2/1006228/full/full/0/default.jpg	2775	3745	image/jpeg	https://collections.library.yale.edu/manifests/2002046	https://collections.library.yale.edu/catalog/2002046	Beinecke Rare Book and Manuscript Library, Yale University	MS 408	2400324	630363719d71b356384a71aaded860df772fd23ad28dd8e6dc2db9901b6e08a1	True
155	85r (part) 86v (part) (part of 85-86 foldout)	f085r_part_f086v_part_85_86_foldout__yale_0155.jpg	https://collections.library.yale.edu/manifests/oid/2002046/canvas/1006229	https://collections.library.yale.edu/iiif/2/1006229/full/full/0/default.jpg	7754	3890	image/jpeg	https://collections.library.yale.edu/manifests/2002046	https://collections.library.yale.edu/catalog/2002046	Beinecke Rare Book and Manuscript Library, Yale University	MS 408	6679215	dde619e85e35601b9206051389873f6cb092a17f04a8fcd02b32fe3961ea37ce	True
156	86v (part) (part of 85-86 foldout)	f086v_part_85_86_foldout__yale_0156.jpg	https://collections.library.yale.edu/manifests/oid/2002046/canvas/1006230	https://collections.library.yale.edu/iiif/2/1006230/full/full/0/default.jpg	4897	3788	image/jpeg	https://collections.library.yale.edu/manifests/2002046	https://collections.library.yale.edu/catalog/2002046	Beinecke Rare Book and Manuscript Library, Yale University	MS 408	4051973	4c5f7642e7da2be07242968faa92a2d0bb1cb88e8589d30f5d2acbfc3cc7e0be	True
157	85v and 86r (foldout)	f085v_and_f086r_foldout__yale_0157.jpg	https://collections.library.yale.edu/manifests/oid/2002046/canvas/1006231	https://collections.library.yale.edu/iiif/2/1006231/full/full/0/default.jpg	7925	7268	image/jpeg	https://collections.library.yale.edu/manifests/2002046	https://collections.library.yale.edu/catalog/2002046	Beinecke Rare Book and Manuscript Library, Yale University	MS 408	12711585	4b08afeee514691b0a511099ca299aed544d6fd1782b7dee8df163dfc06354ed	True
158	87r	f087r__yale_0158.jpg	https://collections.library.yale.edu/manifests/oid/2002046/canvas/1006232	https://collections.library.yale.edu/iiif/2/1006232/full/full/0/default.jpg	2753	3745	image/jpeg	https://collections.library.yale.edu/manifests/2002046	https://collections.library.yale.edu/catalog/2002046	Beinecke Rare Book and Manuscript Library, Yale University	MS 408	2318631	eb9c7020f670d4d9070a4d37130db9e250b9b4ecf33ab34ffb0596512fa53a6c	True
159	87v	f087v__yale_0159.jpg	https://collections.library.yale.edu/manifests/oid/2002046/canvas/1043429	https://collections.library.yale.edu/iiif/2/1043429/full/full/0/default.jpg	2893	3697	image/jpeg	https://collections.library.yale.edu/manifests/2002046	https://collections.library.yale.edu/catalog/2002046	Beinecke Rare Book and Manuscript Library, Yale University	MS 408	2515219	3bac9e01c7bd848fa947b4877d1166f8e9f38822c7bd209e9574a88f6cb181c0	True
160	88r	f088r__yale_0160.jpg	https://collections.library.yale.edu/manifests/oid/2002046/canvas/1037112	https://collections.library.yale.edu/iiif/2/1037112/full/full/0/default.jpg	2714	3735	image/jpeg	https://collections.library.yale.edu/manifests/2002046	https://collections.library.yale.edu/catalog/2002046	Beinecke Rare Book and Manuscript Library, Yale University	MS 408	2165186	a1d21ccad0df430b47f3b3df2829bbefb8c4d1644cb70310e6d1de4b01c20013	True
161	88v and 89r	f088v_and_f089r__yale_0161.jpg	https://collections.library.yale.edu/manifests/oid/2002046/canvas/1006233	https://collections.library.yale.edu/iiif/2/1006233/full/full/0/default.jpg	9078	3777	image/jpeg	https://collections.library.yale.edu/manifests/2002046	https://collections.library.yale.edu/catalog/2002046	Beinecke Rare Book and Manuscript Library, Yale University	MS 408	7549178	3b553c70d0c068cb39a276d391127165c5d9d868ec08e7f5eb2e73b32bb95d1e	True
162	89v (part)	f089v_part__yale_0162.jpg	https://collections.library.yale.edu/manifests/oid/2002046/canvas/1006234	https://collections.library.yale.edu/iiif/2/1006234/full/full/0/default.jpg	4204	3809	image/jpeg	https://collections.library.yale.edu/manifests/2002046	https://collections.library.yale.edu/catalog/2002046	Beinecke Rare Book and Manuscript Library, Yale University	MS 408	3354371	b6b0dd8ba7cd316f3b09a8b156d1eed0eb36ad8ec9086b975969f4f8f7dd5406	True
163	89v (part) and 90r	f089v_part_and_f090r__yale_0163.jpg	https://collections.library.yale.edu/manifests/oid/2002046/canvas/1006235	https://collections.library.yale.edu/iiif/2/1006235/full/full/0/default.jpg	7796	3761	image/jpeg	https://collections.library.yale.edu/manifests/2002046	https://collections.library.yale.edu/catalog/2002046	Beinecke Rare Book and Manuscript Library, Yale University	MS 408	6065709	6aaa777945f288a8ba206921709292eaaf4ea972f9a0bb59cdf3040aaed3e15a	True
164	90r	f090r__yale_0164.jpg	https://collections.library.yale.edu/manifests/oid/2002046/canvas/1006236	https://collections.library.yale.edu/iiif/2/1006236/full/full/0/default.jpg	2737	3752	image/jpeg	https://collections.library.yale.edu/manifests/2002046	https://collections.library.yale.edu/catalog/2002046	Beinecke Rare Book and Manuscript Library, Yale University	MS 408	2321881	f315895bc403e9b78bdda4d207789ed7b5a38654a47715e4571fdfc140c619c6	True
165	90v (part)	f090v_part__yale_0165.jpg	https://collections.library.yale.edu/manifests/oid/2002046/canvas/1006237	https://collections.library.yale.edu/iiif/2/1006237/full/full/0/default.jpg	2838	3697	image/jpeg	https://collections.library.yale.edu/manifests/2002046	https://collections.library.yale.edu/catalog/2002046	Beinecke Rare Book and Manuscript Library, Yale University	MS 408	2325893	4fe01cc0f7c1424c62cdd0fbd83092ab928493b908970b05eb112ab9d91a7793	True
166	93r	f093r__yale_0166.jpg	https://collections.library.yale.edu/manifests/oid/2002046/canvas/1006238	https://collections.library.yale.edu/iiif/2/1006238/full/full/0/default.jpg	2718	3758	image/jpeg	https://collections.library.yale.edu/manifests/2002046	https://collections.library.yale.edu/catalog/2002046	Beinecke Rare Book and Manuscript Library, Yale University	MS 408	2295952	e8ab4d7dcf7d758e2f0e05f9579ef5366a846c273f309ae603616a5e74bbec3a	True
167	93v	f093v__yale_0167.jpg	https://collections.library.yale.edu/manifests/oid/2002046/canvas/1006239	https://collections.library.yale.edu/iiif/2/1006239/full/full/0/default.jpg	2838	3697	image/jpeg	https://collections.library.yale.edu/manifests/2002046	https://collections.library.yale.edu/catalog/2002046	Beinecke Rare Book and Manuscript Library, Yale University	MS 408	2346206	ed9a4f5e3c4be33611749ce05c303aa7553c5cf3523882d87d05c7aac86e0e32	True
168	94r	f094r__yale_0168.jpg	https://collections.library.yale.edu/manifests/oid/2002046/canvas/1006240	https://collections.library.yale.edu/iiif/2/1006240/full/full/0/default.jpg	2728	3754	image/jpeg	https://collections.library.yale.edu/manifests/2002046	https://collections.library.yale.edu/catalog/2002046	Beinecke Rare Book and Manuscript Library, Yale University	MS 408	2256276	ad33592ad7f29a6e9fc6b9e45444286231f06a903d95b54d1195b17cfdca417b	True
169	94v and 95r	f094v_and_f095r__yale_0169.jpg	https://collections.library.yale.edu/manifests/oid/2002046/canvas/1006241	https://collections.library.yale.edu/iiif/2/1006241/full/full/0/default.jpg	7642	3801	image/jpeg	https://collections.library.yale.edu/manifests/2002046	https://collections.library.yale.edu/catalog/2002046	Beinecke Rare Book and Manuscript Library, Yale University	MS 408	6490884	04405b1d121a3c73571bad7f5b887b8cf3776a829ee6482e8a82ca095918071d	True
170	95v (part)	f095v_part__yale_0170.jpg	https://collections.library.yale.edu/manifests/oid/2002046/canvas/1006242	https://collections.library.yale.edu/iiif/2/1006242/full/full/0/default.jpg	2731	3750	image/jpeg	https://collections.library.yale.edu/manifests/2002046	https://collections.library.yale.edu/catalog/2002046	Beinecke Rare Book and Manuscript Library, Yale University	MS 408	2366068	9cdbb63ffcc2b43314bf5b9d812e59f1c0f0ce17c811270bc977a1ae71e7a960	True
171	95v	f095v__yale_0171.jpg	https://collections.library.yale.edu/manifests/oid/2002046/canvas/1006243	https://collections.library.yale.edu/iiif/2/1006243/full/full/0/default.jpg	2838	3697	image/jpeg	https://collections.library.yale.edu/manifests/2002046	https://collections.library.yale.edu/catalog/2002046	Beinecke Rare Book and Manuscript Library, Yale University	MS 408	2409920	e9f7a4ceb162f393086b1f0be4d5c11edf4d72b8e8ea3420fdb13d8ff58efb51	True
172	96r	f096r__yale_0172.jpg	https://collections.library.yale.edu/manifests/oid/2002046/canvas/1006244	https://collections.library.yale.edu/iiif/2/1006244/full/full/0/default.jpg	2699	3745	image/jpeg	https://collections.library.yale.edu/manifests/2002046	https://collections.library.yale.edu/catalog/2002046	Beinecke Rare Book and Manuscript Library, Yale University	MS 408	2288765	3feb9d44f6498e7dc085dd9f3eee9a5f29db941d2d401accd54948d5fae3b613	True
173	96v	f096v__yale_0173.jpg	https://collections.library.yale.edu/manifests/oid/2002046/canvas/1006245	https://collections.library.yale.edu/iiif/2/1006245/full/full/0/default.jpg	2858	3697	image/jpeg	https://collections.library.yale.edu/manifests/2002046	https://collections.library.yale.edu/catalog/2002046	Beinecke Rare Book and Manuscript Library, Yale University	MS 408	2428082	7aad14a896b53ddc78f3c7239d358389f215654c26fd9db7dfc43329439c1f15	True
174	99r	f099r__yale_0174.jpg	https://collections.library.yale.edu/manifests/oid/2002046/canvas/1006246	https://collections.library.yale.edu/iiif/2/1006246/full/full/0/default.jpg	2702	3765	image/jpeg	https://collections.library.yale.edu/manifests/2002046	https://collections.library.yale.edu/catalog/2002046	Beinecke Rare Book and Manuscript Library, Yale University	MS 408	2251701	f17eba5496a1b1d92f589c33ee9be256a379ec8d2bba3da1ebe2ff5a2e3e2901	True
175	99v	f099v__yale_0175.jpg	https://collections.library.yale.edu/manifests/oid/2002046/canvas/1006247	https://collections.library.yale.edu/iiif/2/1006247/full/full/0/default.jpg	2802	3697	image/jpeg	https://collections.library.yale.edu/manifests/2002046	https://collections.library.yale.edu/catalog/2002046	Beinecke Rare Book and Manuscript Library, Yale University	MS 408	2543597	111f6dfc34b8ecb9230cb5a0d144afef4cbd788048ddda2f440108941c91d5e5	True
176	100r	f100r__yale_0176.jpg	https://collections.library.yale.edu/manifests/oid/2002046/canvas/1006248	https://collections.library.yale.edu/iiif/2/1006248/full/full/0/default.jpg	2676	3756	image/jpeg	https://collections.library.yale.edu/manifests/2002046	https://collections.library.yale.edu/catalog/2002046	Beinecke Rare Book and Manuscript Library, Yale University	MS 408	2278638	6dcf72a0d7eac14da2232987c9cc1521e6d70c9f0f92d3eb39b55fc075520429	True
177	100v and 101r	f100v_and_f101r__yale_0177.jpg	https://collections.library.yale.edu/manifests/oid/2002046/canvas/1006249	https://collections.library.yale.edu/iiif/2/1006249/full/full/0/default.jpg	7486	3715	image/jpeg	https://collections.library.yale.edu/manifests/2002046	https://collections.library.yale.edu/catalog/2002046	Beinecke Rare Book and Manuscript Library, Yale University	MS 408	6794523	72637b9770f40f7a8ff6b96a551e64775e88994ae69bafec0b43d48974364c33	True
178	101v (part)	f101v_part__yale_0178.jpg	https://collections.library.yale.edu/manifests/oid/2002046/canvas/1006250	https://collections.library.yale.edu/iiif/2/1006250/full/full/0/default.jpg	2698	3779	image/jpeg	https://collections.library.yale.edu/manifests/2002046	https://collections.library.yale.edu/catalog/2002046	Beinecke Rare Book and Manuscript Library, Yale University	MS 408	2418725	1122f1b13afdf1509402334816f95e5e9baa2b6c94aa9e347b04aa2e4e54f36b	True
179	101v (part) and 102r	f101v_part_and_f102r__yale_0179.jpg	https://collections.library.yale.edu/manifests/oid/2002046/canvas/1006251	https://collections.library.yale.edu/iiif/2/1006251/full/full/0/default.jpg	8176	3864	image/jpeg	https://collections.library.yale.edu/manifests/2002046	https://collections.library.yale.edu/catalog/2002046	Beinecke Rare Book and Manuscript Library, Yale University	MS 408	7307954	30fd529fc6bf8999d5be48024ee6a1676af55e8d66dc0a4f77993fe2565e9d94	True
180	102v (part)	f102v_part__yale_0180.jpg	https://collections.library.yale.edu/manifests/oid/2002046/canvas/1006252	https://collections.library.yale.edu/iiif/2/1006252/full/full/0/default.jpg	2981	3795	image/jpeg	https://collections.library.yale.edu/manifests/2002046	https://collections.library.yale.edu/catalog/2002046	Beinecke Rare Book and Manuscript Library, Yale University	MS 408	2576704	8cdb1030d805b968932146124915cb0d86f7abf853167ffec028b59599820fad	True
181	102v (part)	f102v_part__yale_0181.jpg	https://collections.library.yale.edu/manifests/oid/2002046/canvas/1006253	https://collections.library.yale.edu/iiif/2/1006253/full/full/0/default.jpg	2838	3697	image/jpeg	https://collections.library.yale.edu/manifests/2002046	https://collections.library.yale.edu/catalog/2002046	Beinecke Rare Book and Manuscript Library, Yale University	MS 408	2321583	e3ed770ad77b1c1127b8e60b2ee2d9e226ab4089d4861b85dbf22299925397ce	True
182	103r	f103r__yale_0182.jpg	https://collections.library.yale.edu/manifests/oid/2002046/canvas/1006254	https://collections.library.yale.edu/iiif/2/1006254/full/full/0/default.jpg	2688	3805	image/jpeg	https://collections.library.yale.edu/manifests/2002046	https://collections.library.yale.edu/catalog/2002046	Beinecke Rare Book and Manuscript Library, Yale University	MS 408	2339024	28a65644ebf9a16dc41c073e6535117d924765fae6af474dbd1e3fe2b167beda	True
183	103v	f103v__yale_0183.jpg	https://collections.library.yale.edu/manifests/oid/2002046/canvas/1006255	https://collections.library.yale.edu/iiif/2/1006255/full/full/0/default.jpg	2762	3697	image/jpeg	https://collections.library.yale.edu/manifests/2002046	https://collections.library.yale.edu/catalog/2002046	Beinecke Rare Book and Manuscript Library, Yale University	MS 408	2431962	dd2444928b8dd5d1e60fbd58e04e4be38ed877f9d491058a7c6b779ceb18a75b	True
184	104r	f104r__yale_0184.jpg	https://collections.library.yale.edu/manifests/oid/2002046/canvas/1006256	https://collections.library.yale.edu/iiif/2/1006256/full/full/0/default.jpg	2677	3811	image/jpeg	https://collections.library.yale.edu/manifests/2002046	https://collections.library.yale.edu/catalog/2002046	Beinecke Rare Book and Manuscript Library, Yale University	MS 408	2488386	2ee5f2a32ed2e242d60dcb34398c9b8be6af0341872a476e3905f1314ebe716f	True
185	104v	f104v__yale_0185.jpg	https://collections.library.yale.edu/manifests/oid/2002046/canvas/1006257	https://collections.library.yale.edu/iiif/2/1006257/full/full/0/default.jpg	2744	3704	image/jpeg	https://collections.library.yale.edu/manifests/2002046	https://collections.library.yale.edu/catalog/2002046	Beinecke Rare Book and Manuscript Library, Yale University	MS 408	2292513	c6caadfdcdcc2afb0351ecb3b9f94cdc8c61be0cf005aa16d16aea024e336ccd	True
186	105r	f105r__yale_0186.jpg	https://collections.library.yale.edu/manifests/oid/2002046/canvas/1006258	https://collections.library.yale.edu/iiif/2/1006258/full/full/0/default.jpg	2662	3771	image/jpeg	https://collections.library.yale.edu/manifests/2002046	https://collections.library.yale.edu/catalog/2002046	Beinecke Rare Book and Manuscript Library, Yale University	MS 408	2394628	0401750e6d83ed74cd4fea79f99c2aba5e2c8dcd90ed0f2641be81c7b722e82f	True
187	105v	f105v__yale_0187.jpg	https://collections.library.yale.edu/manifests/oid/2002046/canvas/1006259	https://collections.library.yale.edu/iiif/2/1006259/full/full/0/default.jpg	2663	3701	image/jpeg	https://collections.library.yale.edu/manifests/2002046	https://collections.library.yale.edu/catalog/2002046	Beinecke Rare Book and Manuscript Library, Yale University	MS 408	2156614	540787c3d0aa7a13c1cc620fe222a13d0b2409eaa69e19de56d2544cfdf3c678	True
188	106r	f106r__yale_0188.jpg	https://collections.library.yale.edu/manifests/oid/2002046/canvas/1006260	https://collections.library.yale.edu/iiif/2/1006260/full/full/0/default.jpg	2635	3787	image/jpeg	https://collections.library.yale.edu/manifests/2002046	https://collections.library.yale.edu/catalog/2002046	Beinecke Rare Book and Manuscript Library, Yale University	MS 408	2345469	1aad6bd53b227df51ba6f9b19812558a8b4f4313f97dd1a8b272ee4c60fefb31	True
189	106v	f106v__yale_0189.jpg	https://collections.library.yale.edu/manifests/oid/2002046/canvas/1006261	https://collections.library.yale.edu/iiif/2/1006261/full/full/0/default.jpg	2670	3697	image/jpeg	https://collections.library.yale.edu/manifests/2002046	https://collections.library.yale.edu/catalog/2002046	Beinecke Rare Book and Manuscript Library, Yale University	MS 408	2135119	41e4c5cd7a0b171517dea7724fc3b858ffe38293f043f317061e93a99c47ffc5	True
190	107r	f107r__yale_0190.jpg	https://collections.library.yale.edu/manifests/oid/2002046/canvas/1006262	https://collections.library.yale.edu/iiif/2/1006262/full/full/0/default.jpg	2641	3787	image/jpeg	https://collections.library.yale.edu/manifests/2002046	https://collections.library.yale.edu/catalog/2002046	Beinecke Rare Book and Manuscript Library, Yale University	MS 408	2177003	eb97d7b784be55eaa92781031d3ccefc3e37f9eda41314a9ed996e711a041a58	True
191	107v	f107v__yale_0191.jpg	https://collections.library.yale.edu/manifests/oid/2002046/canvas/1006263	https://collections.library.yale.edu/iiif/2/1006263/full/full/0/default.jpg	2689	3697	image/jpeg	https://collections.library.yale.edu/manifests/2002046	https://collections.library.yale.edu/catalog/2002046	Beinecke Rare Book and Manuscript Library, Yale University	MS 408	2351206	46316d4cb82f2ccdd1c8d414ee99ad60f72d6154c28b888d00c484245d75704c	True
192	108r	f108r__yale_0192.jpg	https://collections.library.yale.edu/manifests/oid/2002046/canvas/1006264	https://collections.library.yale.edu/iiif/2/1006264/full/full/0/default.jpg	2641	3787	image/jpeg	https://collections.library.yale.edu/manifests/2002046	https://collections.library.yale.edu/catalog/2002046	Beinecke Rare Book and Manuscript Library, Yale University	MS 408	2425346	afad28189500567259ef2041cd1c591644bf6d6c86ac6a39cd1c09503693ad76	True
193	108v	f108v__yale_0193.jpg	https://collections.library.yale.edu/manifests/oid/2002046/canvas/1006265	https://collections.library.yale.edu/iiif/2/1006265/full/full/0/default.jpg	2649	3706	image/jpeg	https://collections.library.yale.edu/manifests/2002046	https://collections.library.yale.edu/catalog/2002046	Beinecke Rare Book and Manuscript Library, Yale University	MS 408	2336859	df3fce237ad489c5fcdc1c8dab2a5b21b7c338bc3b88ca588cc79434f9499a7b	True
194	111r	f111r__yale_0194.jpg	https://collections.library.yale.edu/manifests/oid/2002046/canvas/1006266	https://collections.library.yale.edu/iiif/2/1006266/full/full/0/default.jpg	2622	3783	image/jpeg	https://collections.library.yale.edu/manifests/2002046	https://collections.library.yale.edu/catalog/2002046	Beinecke Rare Book and Manuscript Library, Yale University	MS 408	2325154	12ea5325dcdc68d0ea9480bb369d1d95b4dc3accd1ff0d9b84beea8827cfdf31	True
195	111v	f111v__yale_0195.jpg	https://collections.library.yale.edu/manifests/oid/2002046/canvas/1006267	https://collections.library.yale.edu/iiif/2/1006267/full/full/0/default.jpg	2666	3697	image/jpeg	https://collections.library.yale.edu/manifests/2002046	https://collections.library.yale.edu/catalog/2002046	Beinecke Rare Book and Manuscript Library, Yale University	MS 408	2405510	00729a36de336f57b387fc364441057b31b4bc51f6c5e915352d9185121cbcbf	True
196	112r	f112r__yale_0196.jpg	https://collections.library.yale.edu/manifests/oid/2002046/canvas/1006268	https://collections.library.yale.edu/iiif/2/1006268/full/full/0/default.jpg	2602	3787	image/jpeg	https://collections.library.yale.edu/manifests/2002046	https://collections.library.yale.edu/catalog/2002046	Beinecke Rare Book and Manuscript Library, Yale University	MS 408	2264657	f59b3420ff3fdbe6f360c12993304a12b11acdef1a2978784efcd77541c0d9b3	True
197	112v	f112v__yale_0197.jpg	https://collections.library.yale.edu/manifests/oid/2002046/canvas/1006269	https://collections.library.yale.edu/iiif/2/1006269/full/full/0/default.jpg	2664	3697	image/jpeg	https://collections.library.yale.edu/manifests/2002046	https://collections.library.yale.edu/catalog/2002046	Beinecke Rare Book and Manuscript Library, Yale University	MS 408	2028100	c421f574928c767cada83c01295370c078b66234610d262e286079a7a5a4cc1a	True
198	113r	f113r__yale_0198.jpg	https://collections.library.yale.edu/manifests/oid/2002046/canvas/1006270	https://collections.library.yale.edu/iiif/2/1006270/full/full/0/default.jpg	2582	3787	image/jpeg	https://collections.library.yale.edu/manifests/2002046	https://collections.library.yale.edu/catalog/2002046	Beinecke Rare Book and Manuscript Library, Yale University	MS 408	2092549	ad748f9012b174be520b7ac837fdadf913e49a696323920ca655ecf5474afb5c	True
199	113v	f113v__yale_0199.jpg	https://collections.library.yale.edu/manifests/oid/2002046/canvas/1006271	https://collections.library.yale.edu/iiif/2/1006271/full/full/0/default.jpg	2666	3697	image/jpeg	https://collections.library.yale.edu/manifests/2002046	https://collections.library.yale.edu/catalog/2002046	Beinecke Rare Book and Manuscript Library, Yale University	MS 408	2246955	d5b4940ea3d934848bf98c751616172339e8f0e587e41aaea15023e1a314eca3	True
200	114r	f114r__yale_0200.jpg	https://collections.library.yale.edu/manifests/oid/2002046/canvas/1006272	https://collections.library.yale.edu/iiif/2/1006272/full/full/0/default.jpg	2599	3787	image/jpeg	https://collections.library.yale.edu/manifests/2002046	https://collections.library.yale.edu/catalog/2002046	Beinecke Rare Book and Manuscript Library, Yale University	MS 408	2163029	fc76cfcb2e6f8911b3928c59772c9c4eca7854dd2a260bec81972f78b883aa37	True
201	114v	f114v__yale_0201.jpg	https://collections.library.yale.edu/manifests/oid/2002046/canvas/1006273	https://collections.library.yale.edu/iiif/2/1006273/full/full/0/default.jpg	2671	3697	image/jpeg	https://collections.library.yale.edu/manifests/2002046	https://collections.library.yale.edu/catalog/2002046	Beinecke Rare Book and Manuscript Library, Yale University	MS 408	2302398	159d08488392d651c1818e825d3defce83187ad6997610d179dbfe76be30e4e3	True
202	115r	f115r__yale_0202.jpg	https://collections.library.yale.edu/manifests/oid/2002046/canvas/1006274	https://collections.library.yale.edu/iiif/2/1006274/full/full/0/default.jpg	2584	3786	image/jpeg	https://collections.library.yale.edu/manifests/2002046	https://collections.library.yale.edu/catalog/2002046	Beinecke Rare Book and Manuscript Library, Yale University	MS 408	2060756	6de34408de10afa401805534c691341824f0660e054d836f9be5e8620cb17668	True
203	115v	f115v__yale_0203.jpg	https://collections.library.yale.edu/manifests/oid/2002046/canvas/1006275	https://collections.library.yale.edu/iiif/2/1006275/full/full/0/default.jpg	2676	3697	image/jpeg	https://collections.library.yale.edu/manifests/2002046	https://collections.library.yale.edu/catalog/2002046	Beinecke Rare Book and Manuscript Library, Yale University	MS 408	2213260	5700486404459fe1abfc11f6347aa0171bd651e39bcf71d594beecfb170ed8a3	True
204	116r	f116r__yale_0204.jpg	https://collections.library.yale.edu/manifests/oid/2002046/canvas/1006276	https://collections.library.yale.edu/iiif/2/1006276/full/full/0/default.jpg	2559	3787	image/jpeg	https://collections.library.yale.edu/manifests/2002046	https://collections.library.yale.edu/catalog/2002046	Beinecke Rare Book and Manuscript Library, Yale University	MS 408	2132637	4451503bbcbf9f9ab541c65c630bd37bfb06991c708abf29b2ad184ee09ac20c	True
205	116v	f116v__yale_0205.jpg	https://collections.library.yale.edu/manifests/oid/2002046/canvas/1006277	https://collections.library.yale.edu/iiif/2/1006277/full/full/0/default.jpg	2686	3697	image/jpeg	https://collections.library.yale.edu/manifests/2002046	https://collections.library.yale.edu/catalog/2002046	Beinecke Rare Book and Manuscript Library, Yale University	MS 408	1994539	0f2e8691a66f255159b28f3fc2984633016f96c30c6d4d89cff6396708e5bb17	True
206	[Back flyleaf recto]	flyleaf_back_recto__yale_0206.jpg	https://collections.library.yale.edu/manifests/oid/2002046/canvas/1037113	https://collections.library.yale.edu/iiif/2/1037113/full/full/0/default.jpg	2570	3787	image/jpeg	https://collections.library.yale.edu/manifests/2002046	https://collections.library.yale.edu/catalog/2002046	Beinecke Rare Book and Manuscript Library, Yale University	MS 408	1730653	0866fe9ca5683fb6f29044fe8ffcbc4c5e76c9e11055868484af57d00d3ab4fb	True
207	[Back flyleaf verso-inside back cover]	flyleaf_back_verso_inside_cover__yale_0207.jpg	https://collections.library.yale.edu/manifests/oid/2002046/canvas/1006278	https://collections.library.yale.edu/iiif/2/1006278/full/full/0/default.jpg	5342	3822	image/jpeg	https://collections.library.yale.edu/manifests/2002046	https://collections.library.yale.edu/catalog/2002046	Beinecke Rare Book and Manuscript Library, Yale University	MS 408	3522472	72fea8bb59c1e1164e022f9e41f269a16247b09775228eb3f5f05b494135b7b5	True
208	[Head]	edge_head__yale_0208.jpg	https://collections.library.yale.edu/manifests/oid/2002046/canvas/11868207	https://collections.library.yale.edu/iiif/2/11868207/full/full/0/default.jpg	2829	1221	image/jpeg	https://collections.library.yale.edu/manifests/2002046	https://collections.library.yale.edu/catalog/2002046	Beinecke Rare Book and Manuscript Library, Yale University	MS 408	738163	5fa43ddc7715b7e339926272bde77de076aadf3e4ab69fcc2a395fa6f8fa791f	True
209	[Tail]	edge_tail__yale_0209.jpg	https://collections.library.yale.edu/manifests/oid/2002046/canvas/11868208	https://collections.library.yale.edu/iiif/2/11868208/full/full/0/default.jpg	2875	1237	image/jpeg	https://collections.library.yale.edu/manifests/2002046	https://collections.library.yale.edu/catalog/2002046	Beinecke Rare Book and Manuscript Library, Yale University	MS 408	735694	4a789f649dfc003ec1f2cc37192700f8faada479909022821d020b3fa0351e5d	True
210	[Fore-edge]	edge_fore__yale_0210.jpg	https://collections.library.yale.edu/manifests/oid/2002046/canvas/11868209	https://collections.library.yale.edu/iiif/2/11868209/full/full/0/default.jpg	1255	3838	image/jpeg	https://collections.library.yale.edu/manifests/2002046	https://collections.library.yale.edu/catalog/2002046	Beinecke Rare Book and Manuscript Library, Yale University	MS 408	1093602	dfc7c73ea388977bbb91df85ec7154fddd1890448524a2126745d7e53a6ff4b9	True
211	[Spine]	spine__yale_0211.jpg	https://collections.library.yale.edu/manifests/oid/2002046/canvas/11868210	https://collections.library.yale.edu/iiif/2/11868210/full/full/0/default.jpg	1030	3833	image/jpeg	https://collections.library.yale.edu/manifests/2002046	https://collections.library.yale.edu/catalog/2002046	Beinecke Rare Book and Manuscript Library, Yale University	MS 408	688476	76aed62e4f92adf94b6adedb372e5e3501c4bddef19441d592834b223ae47cfc	True
212	[Back cover]	cover_back__yale_0212.jpg	https://collections.library.yale.edu/manifests/oid/2002046/canvas/1006279	https://collections.library.yale.edu/iiif/2/1006279/full/full/0/default.jpg	2889	3861	image/jpeg	https://collections.library.yale.edu/manifests/2002046	https://collections.library.yale.edu/catalog/2002046	Beinecke Rare Book and Manuscript Library, Yale University	MS 408	2002483	1fb21ed63cbf1c99411936a8e0832b3161adfbf2377e0bc202a07578332f290e	True
