issue_id	locus	position_zero_based	layer	observed	alternative_or_expected	evidence	decision	effect_on_result	status
ALIGN-0001	f81v.23	NA	ANALYSIS_ALIGNMENT	ZL/IT boundary mismatch treated as token mismatch	ZL=olcthdy; IT/GC=ol.cthdy	Same glyph stream under 1-to-N block alignment	Replace exact 1:1 token alignment with boundary-invariant block alignment	Support>=3 unique disagreements reduced from 63 to 25	RESOLVED
STRAT-0001	f57v.R17	NA	MODEL_STRATIFICATION	Special 4x17 ring apparatus pooled with ordinary S text	Treat R17 as a separate structural stratum	Different locus type and geometry; zero-core appears after exclusion	Exclude R17 from ordinary-text zero-core and analyse separately	Support>=20 becomes 596/596 zero-disagreement in boundary-invariant experiment	RESOLVED
ALIGN-0002	multiple	NA	ANALYSIS_ALIGNMENT	Length-only four-view alignment produced shifted/correlated false conflicts	Content-aware alignment using transcription-only alphabet crosswalks	Cases such as ZL=ckhy and IT=ckhy were assigned to different factors by length-only alignment	Use crosswalk-informed alignment; do not use language or plaintext	Support>=3 agreement rose to 99.8775%; false alignment residuals removed	RESOLVED
ZL3B-0001	f115r.23	6	SOURCE_TRANSCRIPTION	checthy	checkhy	IT2a=checkhy; GC2a and FG2a independently map to checkhy/chekhy; Yale scan 1006274 matches adjacent k-gallows	Apply immutable overlay only; preserve archival ZL source	Removed sole support>=20 disagreement	RESOLVED_HIGH_CONFIDENCE
ZL3B-0002	f14v.3	7	SOURCE_TRANSCRIPTION	ykhhy	ykchy	ZL braces mark uncertainty; IT2a/FG2a/CD2a agree; Yale scan 1006101 shows ch bench	Apply immutable overlay only	Removed one of two support>=10 disagreements	RESOLVED_HIGH_CONFIDENCE
AMBIG-0001	f30v.7	0	PALEOGRAPHIC_AMBIGUITY	ch[a:o]kchy	chakchy or chokchy	ZL explicitly records both; IT/GC/FG and scan favour o; Currier and ZL primary favour a	Do not force; exclude from strict zero-core	Prevents a palaeographic choice from manufacturing zero error	OPEN_EXCLUDED
ZL3B-0003	f108r.10	4	SOURCE_TRANSCRIPTION	ykeol	yteol	IT2a/GC2a/FG2a agree on t; scan compatible with t and has no visible correction	Apply immutable overlay; medium-high confidence because Currier is unavailable	Removed one support>=5 residual	RESOLVED_MEDIUM_HIGH_CONFIDENCE
AMBIG-0002	f79r.19	8	PALEOGRAPHIC_AMBIGUITY	sho[t:k]y	shoty or shoky	ZL explicitly marks t:k; IT2a/GC2a/FG2a/CD2a agree on k	Do not force; exclude from strict zero-core	Removed from denominator, not counted as corrected	OPEN_EXCLUDED
ZL3B-0004	f6v.18	2	SOURCE_TRANSCRIPTION	ithor	cthor	ZL braces mark uncertainty; IT2a/GC2a/CD2a agree on cthor and FG2a retains thor	Apply immutable overlay	Removed one support>=5 residual	RESOLVED_HIGH_CONFIDENCE
AMBIG-0003	f6v.19	1	PALEOGRAPHIC_AMBIGUITY	kchos	kchor	ZL+IT2a favour s; GC2a/FG2a/CD2a favour r	Do not decide by majority alone; exclude from strict zero-core	Removed from denominator, not counted as corrected	OPEN_EXCLUDED
ZL3B-0005	f75r.2	4	SOURCE_TRANSCRIPTION	qolchhdy	qolchedy	ZL braces mark uncertainty; IT2a/GC2a/FG2a/CD2a unanimously agree on e	Apply immutable overlay	Removed one support>=5 residual	RESOLVED_HIGH_CONFIDENCE
AMBIG-0004	f39v.5	13	PALEOGRAPHIC_ALLOGRAPH_AMBIGUITY	ofchy	opchy	ZL+CD read f; IT+GC+FG read p; no visible erasure/insertion	Do not decide by 3:2 majority; exclude from strict zero-core	Candidate support>=3 residual; removed from denominator, not corrected	OPEN_EXCLUDED
AMBIG-0005	f76r.23	10	MINIM_COUNT_AMBIGUITY	olaiin	olain	ZL has two i; IT/GC/CD one i; minims merge visually	Do not normalize adjacent minims; exclude from strict zero-core	Candidate support>=3 residual; removed from denominator, not corrected	OPEN_EXCLUDED
AMBIG-0006	f79v.18	5	PALEOGRAPHIC_BENCH_AMBIGUITY	lcheey	lsheey	ZL+CD read ch; IT+GC+FG read sh; no visible correction	Do not decide by 3:2 majority; exclude from strict zero-core	Candidate support>=3 residual; removed from denominator, not corrected	OPEN_EXCLUDED
ALG-X6-0001	X-v6 closure	NA	ANALYSIS_IMPLEMENTATION	Initial closure implementation filtered the frozen external candidate set through the leave-folio-out vocabulary	The preregistered external candidate set must be preserved; the leave-folio-out rule applies only to newly proposed neighbours	Monotonicity check failed: candidate recall fell from 95.10% to 88.20%, which is impossible for a closure operator	Initialize expanded=set(raw), then filter only one-edit additions	Invalid run discarded before interpretation; corrected rerun recovers 208 additional cells and never removes a source candidate	RESOLVED
ALG-X7-0001	X-v7 strict union	NA	ANALYSIS_SCHEMA	RF/VT coverage table no longer carried stable_prediction after compacting intermediate columns	Read stable_prediction from the immutable v6 ladder and join RF/VT candidates by record_id	KeyError occurred before metric construction and before any result was emitted	Use two explicit source tables with a record_id join	Failed run has no scientific output; corrected rerun preserves the preregistered policy	RESOLVED
ALG-X8-0001	X-v8 EVA OCR corpus	NA	COORDINATE_CANVAS_MISMATCH	96 foldout-panel boxes used coordinates outside the downloaded 636x900 page image	Training samples must have their complete box inside the actual pixel canvas	CUDA smoke passed because its capped prefix did not reach an invalid box; the first full run failed before epoch 1 with right less than left	Reject every out-of-image box deterministically during corpus construction and rebuild the sealed bundle	Failed full run emitted no epoch metric or blind lock; 96 unusable samples removed equally before all seeds	RESOLVED
ZL3B-0006	f114r.35	4	SOURCE_TRANSCRIPTION	qokohey	qokchey	Blind CUDA OCR 3/3=qokchey; registered Yale scan shows ch bench after qok	Apply immutable X-v9 overlay only; preserve archival ZL source	Adds one individually audited machine factor	RESOLVED_HIGH_CONFIDENCE
ZL3B-0007	f40r.2	6	SOURCE_TRANSCRIPTION	okas	okos	Blind CUDA OCR 3/3=okos; registered Yale scan shows middle o	Apply immutable X-v9 overlay only; preserve archival ZL source	Adds one individually audited machine factor	RESOLVED_HIGH_CONFIDENCE
ZL3B-0008	f40v.2	3	SOURCE_TRANSCRIPTION	arag	aram	Blind CUDA OCR 3/3=aram; registered Yale scan shows terminal m-form	Apply immutable X-v9 overlay only; preserve archival ZL source	Adds one individually audited machine factor	RESOLVED_HIGH_CONFIDENCE
ZL3B-0009	f42r.6	1	SOURCE_TRANSCRIPTION	ihar	char	Blind CUDA OCR 3/3=char; registered Yale scan shows initial ch bench	Apply immutable X-v9 overlay only; preserve archival ZL source	Adds one individually audited machine factor	RESOLVED_HIGH_CONFIDENCE
ZL3B-0010	f77r.25	1	SOURCE_TRANSCRIPTION	qokar	qokor	Blind CUDA OCR 3/3=qokor; registered Yale scan shows middle o	Apply immutable X-v9 overlay only; preserve archival ZL source	Adds one individually audited machine factor	RESOLVED_HIGH_CONFIDENCE
ZL3B-0011	f81r.18	5	SOURCE_TRANSCRIPTION	oror	orar	Blind CUDA OCR 3/3=orar; registered Yale scan shows central a	Apply immutable X-v9 overlay only; preserve archival ZL source	Adds one individually audited machine factor	RESOLVED_HIGH_CONFIDENCE
ZL3B-0012	f8v.3	8	SOURCE_TRANSCRIPTION	dolas	dolar	Blind CUDA OCR 3/3=dolar; registered Yale scan shows terminal r-form	Apply immutable X-v9 overlay only; preserve archival ZL source	Adds one individually audited machine factor	RESOLVED_HIGH_CONFIDENCE
AMBIG-0007	f49v.42	7	PALEOGRAPHIC_MINIM_AMBIGUITY	daisin	dairin or daiin	Blind CUDA OCR 3/3=daiin; external coordinate reading=dairin; registered scan contains a faint middle sign	Do not force; keep outside audited extension	One of nine unanimous OCR targets remains unresolved	OPEN_EXCLUDED
ALG-X10-0001	X-v10A2 scorer	NA	ANALYSIS_SCHEMA	X-v8 closure table was queried for stable_prediction after that column had been compacted out	Join stable_prediction from the immutable X-v6 ladder by record_id	KeyError occurred before any P2 call or result file was produced	Use an explicit record_id join, preserving the frozen OOF lock and rule	Failed scorer emitted no scientific output; corrected rerun changes no prediction	RESOLVED
ZL3B-0013	f55r.9	10	SOURCE_TRANSCRIPTION	kag	kam	Yale 2048px registered crop X7C-15; same-page m comparators olkam/olkardam; Takahashi=kam; IT2a/GC2a/FG2a factor a=>S5; Attention OOF 3/3 and CTC OOF 3/3=kam	Apply immutable X-v10A3 scan overlay only; preserve archival ZL source	Resolves the sole X-v10A3 cross-architecture scan discrepancy as an archival-reference correction	RESOLVED_HIGH_CONFIDENCE
ALG-X10-0002	X-v10B scan-pack builder	NA	ANALYSIS_SCOPE	Initial builder iteration included coordinate cells outside the 23859 strict denominator	Apply the frozen eligible_ids filter used by the residual inventory	Hard assertion on the preregistered family size failed before any queue or result was frozen	Correct filter and rerun; preserve failed console trace in session	No scientific output was emitted by failed iteration	RESOLVED
ZL3B-X10B	27 loci in data/x_v10b_scan_audit/scan_adjudication.tsv	NA	SOURCE_TRANSCRIPTION_OR_ALIGNMENT	27 archival ZL surface/factor disagreements	27 cross-architecture RF∩VT readings	Complete 27/27 registered Yale scan queue; 4 low-quality cases additionally checked at 2709-4096px; per-locus evidence and hashes in scan_adjudication.tsv	Apply immutable X-v10B overlay only; preserve archival ZL source	Adds the complete 1167-cell X-v10B family; strict core becomes 14646/23859	RESOLVED_COMPLETE_QUEUE
