correction_id	locus	position_zero_based	original_surface	corrected_surface	category	confidence	independent_support	scan_evidence	note
ZL3B-0001	f115r.23	6	checthy	checkhy	ZL_TRANSCRIPTION_ERROR	high	IT2a=checkhy;GC2a=1cH9->checkhy;FG2a=TCDZG->chekhy	https://collections.library.yale.edu/iiif/2/1006274/850,1570,1000,90/2000,/0/default.jpg	The disputed gallows matches k in the adjacent same-line qokcho; preserve source ZL unchanged and apply only through overlay.
ZL3B-0002	f14v.3	7	ykhhy	ykchy	ZL_TRANSCRIPTION_ERROR	high	IT2a=ykchy;FG2a=GDTG->ykchy;CD2a=9FS9->ykchy	https://collections.library.yale.edu/iiif/2/1006101/1820,620,520,120/1560,/0/default.jpg	The scan shows the ch bench read independently by IT/FG/CD; ZL braces already marked the form as uncertain.
ZL3B-0003	f108r.10	4	ykeol	yteol	ZL_TRANSCRIPTION_ERROR	medium_high	IT2a=yteol;GC2a=9kcoe->yteol;FG2a=GHCOE->yteol	https://collections.library.yale.edu/iiif/2/1006264/full/full/0/default.jpg	Three available independent transcriptions agree on t; direct scan is compatible with t and shows no visible scribal correction. Currier is unavailable here.
ZL3B-0004	f6v.18	2	ithor	cthor	ZL_TRANSCRIPTION_ERROR	high	IT2a=cthor;GC2a=Koy->cthor;CD2a=QOR->cthor;FG2a=HZOR->thor	https://collections.library.yale.edu/iiif/2/1006087/full/full/0/default.jpg	ZL braces explicitly flag ith as uncertain; three independent readings agree on cthor and the fourth preserves thor while omitting only initial c.
ZL3B-0005	f75r.2	4	qolchhdy	qolchedy	ZL_TRANSCRIPTION_ERROR	high	IT2a=qolchedy;GC2a=4oe1c89->qolchedy;FG2a=4OETC8G->qolchedy;CD2a=4OESC89->qolchedy	https://collections.library.yale.edu/iiif/2/1006208/full/full/0/default.jpg	ZL braces explicitly flag chh as uncertain; all four independent transcriptions agree on e in the disputed interior.
ZL3B-0006	f114r.35	4	qokohey	qokchey	ZL_TRANSCRIPTION_ERROR	high	Blind CUDA OCR 3/3=qokchey; registered Yale scan shows ch bench after qok	Blind CUDA OCR 3/3=qokchey; registered Yale scan shows ch bench after qok	Apply immutable X-v9 overlay only; preserve archival ZL source
ZL3B-0007	f40r.2	6	okas	okos	ZL_TRANSCRIPTION_ERROR	high	Blind CUDA OCR 3/3=okos; registered Yale scan shows middle o	Blind CUDA OCR 3/3=okos; registered Yale scan shows middle o	Apply immutable X-v9 overlay only; preserve archival ZL source
ZL3B-0008	f40v.2	3	arag	aram	ZL_TRANSCRIPTION_ERROR	high	Blind CUDA OCR 3/3=aram; registered Yale scan shows terminal m-form	Blind CUDA OCR 3/3=aram; registered Yale scan shows terminal m-form	Apply immutable X-v9 overlay only; preserve archival ZL source
ZL3B-0009	f42r.6	1	ihar	char	ZL_TRANSCRIPTION_ERROR	high	Blind CUDA OCR 3/3=char; registered Yale scan shows initial ch bench	Blind CUDA OCR 3/3=char; registered Yale scan shows initial ch bench	Apply immutable X-v9 overlay only; preserve archival ZL source
ZL3B-0010	f77r.25	1	qokar	qokor	ZL_TRANSCRIPTION_ERROR	high	Blind CUDA OCR 3/3=qokor; registered Yale scan shows middle o	Blind CUDA OCR 3/3=qokor; registered Yale scan shows middle o	Apply immutable X-v9 overlay only; preserve archival ZL source
ZL3B-0011	f81r.18	5	oror	orar	ZL_TRANSCRIPTION_ERROR	high	Blind CUDA OCR 3/3=orar; registered Yale scan shows central a	Blind CUDA OCR 3/3=orar; registered Yale scan shows central a	Apply immutable X-v9 overlay only; preserve archival ZL source
ZL3B-0012	f8v.3	8	dolas	dolar	ZL_TRANSCRIPTION_ERROR	high	Blind CUDA OCR 3/3=dolar; registered Yale scan shows terminal r-form	Blind CUDA OCR 3/3=dolar; registered Yale scan shows terminal r-form	Apply immutable X-v9 overlay only; preserve archival ZL source
ZL3B-0013	f55r.9	10	kag	kam	ZL_TRANSCRIPTION_ERROR	high	Yale 2048px registered crop X7C-15; same-page m comparators olkam/olkardam; Takahashi=kam; IT2a/GC2a/FG2a factor a=>S5; Attention OOF 3/3 and CTC OOF 3/3=kam	Yale 2048px registered crop X7C-15; same-page m comparators olkam/olkardam; Takahashi=kam; IT2a/GC2a/FG2a factor a=>S5; Attention OOF 3/3 and CTC OOF 3/3=kam	Apply immutable X-v10A3 scan overlay only; preserve archival ZL source
