record_id	folio	hand	section	view_count	IT2a	GC2a	FG2a	CD2a
f108r.10:0	f108r	3	S	3	"[""taiin""]"	"[""kam""]"	"[""HAM""]"	
f108r.10:1	f108r	3	S	3	"[""shkeedy""]"	"[""2hcc8(""]"	"[""SDCC8G""]"	
f108r.10:2	f108r	3	S	3	"[""qoteey""]"	"[""4okcc9""]"	"[""4OHCCG""]"	
f108r.10:3	f108r	3	S	3	"[""oteey""]"	"[""okcc9""]"	"[""OHCCG""]"	
f108r.10:4	f108r	3	S	3	"[""yteol""]"	"[""9kcoe""]"	"[""GHCOE""]"	
f108r.10:5	f108r	3	S	3	"[""ykeedy""]"	"[""9hcc89""]"	"[""GDCC8G""]"	
f108r.10:8	f108r	3	S	3	"[""okeyty""]"	"[""ohc9"", ""k9""]"	"[""ODCG"", ""HG""]"	
f108r.10:9	f108r	3	S	3	"[""ody""]"	"[""o89""]"	"[""O8G""]"	
f115r.23:0	f115r	@	S	3	"[""dchey""]"	"[""81c9""]"	"[""8TCG""]"	
f115r.23:1	f115r	@	S	3	"[""keey""]"	"[""hC9""]"	"[""DCCG""]"	
f115r.23:10	f115r	@	S	3	"[""chedy""]"	"[""1c79""]"	"[""TC8G""]"	
f115r.23:11	f115r	@	S	3	"[""qokchedy""]"	"[""4oh1c89""]"	"[""4ODTC8G""]"	
f115r.23:12	f115r	@	S	3	"[""ldy""]"	"[""e89""]"	"[""E8G""]"	
f115r.23:2	f115r	@	S	3	"[""qokeod""]"	"[""4ohco8""]"	"[""4ODCO8""]"	
f115r.23:3	f115r	@	S	3	"[""chody""]"	"[""1o89""]"	"[""TO8G""]"	
f115r.23:6	f115r	@	S	3	"[""checkhy""]"	"[""1cH9""]"	"[""TCDZG""]"	
f115r.23:7	f115r	@	S	3	"[""qokeeey""]"	"[""4ohd9""]"	"[""4ODCCCG""]"	
f115r.23:8	f115r	@	S	3	"[""keeey""]"	"[""hd9""]"	"[""DCCCG""]"	
f115r.23:9	f115r	@	S	3	"[""lol""]"	"[""eoe""]"	"[""EOE""]"	
